timestamp,checkpoint,dataset,mode,K,L,n_prompts,skipped_prompts,target_calls,block_eff,throughput_tok_s,time_per_call_ms,time_per_token_ms,avg_tree_nodes,total_gen_tokens,total_time_s,time_draft_s,time_target_s,time_verify_s,time_cache_s,time_tokenizer_s,gpu_sm_util_avg_pct,gpu_mem_util_avg_pct,gpu_vram_peak_mb,gpu_pcie_tx_avg_kbs,gpu_pcie_rx_avg_kbs,gpu_nvlink_tx_avg_kbs,gpu_nvlink_rx_avg_kbs,cpu_util_avg_pct,torch_vram_alloc_mb,torch_vram_reserv_mb,device,seed,dtype,cpu_threads_used,machine_gpu,machine_gpu_count,machine_gpu_vram_gb,machine_driver,machine_cpu_logical_cores,machine_cpu_physical_cores,machine_ram_gb,machine_os,attn_backend,training_wandb_url,L1,teacher_model
2026-07-05T07:34:06,/sensei-fs-3/users/rkrishna//checkpoints/jsd_mathhard_s123/ckpt_best,math_eval,naive,1,8,100,0,2222,5.909991,14.2491,414.762,70.180,9.0000,13132,921.60,778.361,104.236,1.207,29.000,0.038,23.3,4.0,18741,17417,82990,,,9.2,16767.6,17454.0,cuda:0,123,bf16,48,NVIDIA A100-SXM4-80GB,1,79.2,580.126.09,96,48,1121.8,Linux-6.12.68-92.122.amzn2023.x86_64-x86_64-with-glibc2.39,sdpa+flash_attention_2 (flash_attn-2.8.3.post1),https://wandb.ai/rmukund16-indian-institute-of-technology-hyderabad/distillspec-pipeline/runs/1heslnth,0,Qwen/Qwen3-8B
2026-07-05T07:56:01,/sensei-fs-3/users/rkrishna//checkpoints/jsd_mathhard_s123/ckpt_best,math_eval,nss,1,8,100,0,3033,4.316848,10.3712,416.233,96.421,9.0000,13093,1262.44,1070.856,140.735,2.054,39.813,0.035,23.1,4.0,18745,16990,83359,,,9.3,16767.6,17458.0,cuda:0,123,bf16,48,NVIDIA A100-SXM4-80GB,1,79.2,580.126.09,96,48,1121.8,Linux-6.12.68-92.122.amzn2023.x86_64-x86_64-with-glibc2.39,sdpa+flash_attention_2 (flash_attn-2.8.3.post1),https://wandb.ai/rmukund16-indian-institute-of-technology-hyderabad/distillspec-pipeline/runs/1heslnth,0,Qwen/Qwen3-8B
2026-07-05T08:12:25,/sensei-fs-3/users/rkrishna//checkpoints/jsd_mathhard_s123/ckpt_best,math_eval,specinfer,1,8,100,0,2290,5.731441,13.8303,414.411,72.305,9.0000,13125,949.00,803.280,105.748,1.343,29.856,0.035,23.3,4.1,18745,16510,88318,,,9.3,16767.6,17458.0,cuda:0,123,bf16,48,NVIDIA A100-SXM4-80GB,1,79.2,580.126.09,96,48,1121.8,Linux-6.12.68-92.122.amzn2023.x86_64-x86_64-with-glibc2.39,sdpa+flash_attention_2 (flash_attn-2.8.3.post1),https://wandb.ai/rmukund16-indian-institute-of-technology-hyderabad/distillspec-pipeline/runs/1heslnth,0,Qwen/Qwen3-8B
2026-07-05T08:28:19,/sensei-fs-3/users/rkrishna//checkpoints/jsd_mathhard_s123/ckpt_best,math_eval,spectr,1,8,100,0,2222,5.909991,14.2655,414.285,70.099,9.0000,13132,920.54,779.043,102.488,1.225,29.042,0.035,23.4,4.1,18745,17156,78239,,,9.3,16767.6,17458.0,cuda:0,123,bf16,48,NVIDIA A100-SXM4-80GB,1,79.2,580.126.09,96,48,1121.8,Linux-6.12.68-92.122.amzn2023.x86_64-x86_64-with-glibc2.39,sdpa+flash_attention_2 (flash_attn-2.8.3.post1),https://wandb.ai/rmukund16-indian-institute-of-technology-hyderabad/distillspec-pipeline/runs/1heslnth,0,Qwen/Qwen3-8B
2026-07-05T08:44:13,/sensei-fs-3/users/rkrishna//checkpoints/jsd_mathhard_s123/ckpt_best,math_eval,khisti,1,8,100,0,2222,5.909991,14.2445,414.896,70.203,9.0000,13132,921.90,780.281,102.638,1.213,29.024,0.035,23.2,4.0,18745,17884,78249,,,9.2,16767.6,17458.0,cuda:0,123,bf16,48,NVIDIA A100-SXM4-80GB,1,79.2,580.126.09,96,48,1121.8,Linux-6.12.68-92.122.amzn2023.x86_64-x86_64-with-glibc2.39,sdpa+flash_attention_2 (flash_attn-2.8.3.post1),https://wandb.ai/rmukund16-indian-institute-of-technology-hyderabad/distillspec-pipeline/runs/1heslnth,0,Qwen/Qwen3-8B
2026-07-05T09:00:12,/sensei-fs-3/users/rkrishna//checkpoints/jsd_mathhard_s123/ckpt_best,math_eval,max,1,8,100,0,2222,5.909991,14.1950,416.343,70.447,9.0000,13132,925.11,783.115,102.957,1.220,29.033,0.035,23.2,4.1,18745,17039,81479,,,9.2,16767.6,17458.0,cuda:0,123,bf16,48,NVIDIA A100-SXM4-80GB,1,79.2,580.126.09,96,48,1121.8,Linux-6.12.68-92.122.amzn2023.x86_64-x86_64-with-glibc2.39,sdpa+flash_attention_2 (flash_attn-2.8.3.post1),https://wandb.ai/rmukund16-indian-institute-of-technology-hyderabad/distillspec-pipeline/runs/1heslnth,0,Qwen/Qwen3-8B
2026-07-05T09:16:12,/sensei-fs-3/users/rkrishna//checkpoints/jsd_mathhard_s123/ckpt_best,math_eval,bv,1,8,100,0,2219,5.923389,14.1686,418.065,70.579,9.0000,13144,927.69,783.389,102.964,3.489,29.044,0.035,23.1,4.0,18745,16653,76897,,,8.4,16767.6,17458.0,cuda:0,123,bf16,48,NVIDIA A100-SXM4-80GB,1,79.2,580.126.09,96,48,1121.8,Linux-6.12.68-92.122.amzn2023.x86_64-x86_64-with-glibc2.39,sdpa+flash_attention_2 (flash_attn-2.8.3.post1),https://wandb.ai/rmukund16-indian-institute-of-technology-hyderabad/distillspec-pipeline/runs/1heslnth,0,Qwen/Qwen3-8B
2026-07-05T09:32:14,/sensei-fs-3/users/rkrishna//checkpoints/jsd_mathhard_s123/ckpt_best,math_eval,gbv,1,8,100,0,2219,5.923389,14.1276,419.277,70.783,9.0000,13144,930.38,780.947,103.053,8.481,29.076,0.035,23.3,4.0,18767,16621,81612,,,8.1,16788.6,17480.0,cuda:0,123,bf16,48,NVIDIA A100-SXM4-80GB,1,79.2,580.126.09,96,48,1121.8,Linux-6.12.68-92.122.amzn2023.x86_64-x86_64-with-glibc2.39,sdpa+flash_attention_2 (flash_attn-2.8.3.post1),https://wandb.ai/rmukund16-indian-institute-of-technology-hyderabad/distillspec-pipeline/runs/1heslnth,0,Qwen/Qwen3-8B
2026-07-05T09:47:48,/sensei-fs-3/users/rkrishna//checkpoints/jsd_mathhard_s123/ckpt_best,math_eval,traversal,1,8,100,0,2187,6.023320,14.5100,415.114,68.918,9.0000,13173,907.85,767.267,101.008,2.397,28.441,0.035,23.3,4.1,18767,17964,82651,,,8.2,16767.6,17480.0,cuda:0,123,bf16,48,NVIDIA A100-SXM4-80GB,1,79.2,580.126.09,96,48,1121.8,Linux-6.12.68-92.122.amzn2023.x86_64-x86_64-with-glibc2.39,sdpa+flash_attention_2 (flash_attn-2.8.3.post1),https://wandb.ai/rmukund16-indian-institute-of-technology-hyderabad/distillspec-pipeline/runs/1heslnth,0,Qwen/Qwen3-8B
2026-07-05T10:05:00,/sensei-fs-3/users/rkrishna//checkpoints/jsd_mathhard_s123/ckpt_best,math_eval,traversal_dAdapt,1,8,100,0,2187,6.023320,13.3774,450.261,74.753,9.0000,13173,984.72,845.149,99.754,2.339,28.519,0.038,23.3,3.9,18741,17234,81267,,,8.1,16767.6,17454.0,cuda:0,123,bf16,48,NVIDIA A100-SXM4-80GB,1,79.2,580.126.09,96,48,1121.8,Linux-6.12.68-92.122.amzn2023.x86_64-x86_64-with-glibc2.39,sdpa+flash_attention_2 (flash_attn-2.8.3.post1),https://wandb.ai/rmukund16-indian-institute-of-technology-hyderabad/distillspec-pipeline/runs/1heslnth,0,Qwen/Qwen3-8B
2026-07-05T10:22:45,/sensei-fs-3/users/rkrishna//checkpoints/jsd_mathhard_s123/ckpt_best,math_eval,specinfer_dAdapt,1,8,100,0,2290,5.731441,12.7666,448.939,78.329,9.0000,13125,1028.07,883.801,104.170,1.303,29.865,0.034,23.4,3.9,18743,16755,86238,,,8.1,16767.6,17456.0,cuda:0,123,bf16,48,NVIDIA A100-SXM4-80GB,1,79.2,580.126.09,96,48,1121.8,Linux-6.12.68-92.122.amzn2023.x86_64-x86_64-with-glibc2.39,sdpa+flash_attention_2 (flash_attn-2.8.3.post1),https://wandb.ai/rmukund16-indian-institute-of-technology-hyderabad/distillspec-pipeline/runs/1heslnth,0,Qwen/Qwen3-8B
2026-07-05T10:40:41,/sensei-fs-3/users/rkrishna//checkpoints/jsd_mathhard_s123/ckpt_best,math_eval,traversal_dL3,1,8,100,0,2187,6.023320,12.8024,470.483,78.110,9.0000,13173,1028.95,884.609,103.860,2.429,28.737,0.040,22.4,3.9,18743,16276,87299,,,8.1,16767.6,17456.0,cuda:0,123,bf16,48,NVIDIA A100-SXM4-80GB,1,79.2,580.126.09,96,48,1121.8,Linux-6.12.68-92.122.amzn2023.x86_64-x86_64-with-glibc2.39,sdpa+flash_attention_2 (flash_attn-2.8.3.post1),https://wandb.ai/rmukund16-indian-institute-of-technology-hyderabad/distillspec-pipeline/runs/1heslnth,3,Qwen/Qwen3-8B
2026-07-05T10:59:17,/sensei-fs-3/users/rkrishna//checkpoints/jsd_mathhard_s123/ckpt_best,math_eval,specinfer_dL3,1,8,100,0,2290,5.731441,12.1886,470.228,82.044,9.0000,13125,1076.82,927.167,108.885,1.373,30.099,0.037,22.2,3.8,18743,16060,82974,,,8.1,16767.6,17456.0,cuda:0,123,bf16,48,NVIDIA A100-SXM4-80GB,1,79.2,580.126.09,96,48,1121.8,Linux-6.12.68-92.122.amzn2023.x86_64-x86_64-with-glibc2.39,sdpa+flash_attention_2 (flash_attn-2.8.3.post1),https://wandb.ai/rmukund16-indian-institute-of-technology-hyderabad/distillspec-pipeline/runs/1heslnth,3,Qwen/Qwen3-8B
2026-07-05T11:17:50,/sensei-fs-3/users/rkrishna//checkpoints/jsd_mathhard_s123/ckpt_best,math_eval,traversal_dL4,1,8,100,0,2187,6.023320,12.3781,486.613,80.788,9.0000,13173,1064.22,915.397,107.565,2.475,29.166,0.041,21.5,3.7,18747,16226,83267,,,8.1,16767.6,17460.0,cuda:0,123,bf16,48,NVIDIA A100-SXM4-80GB,1,79.2,580.126.09,96,48,1121.8,Linux-6.12.68-92.122.amzn2023.x86_64-x86_64-with-glibc2.39,sdpa+flash_attention_2 (flash_attn-2.8.3.post1),https://wandb.ai/rmukund16-indian-institute-of-technology-hyderabad/distillspec-pipeline/runs/1heslnth,4,Qwen/Qwen3-8B
2026-07-05T11:37:04,/sensei-fs-3/users/rkrishna//checkpoints/jsd_mathhard_s123/ckpt_best,math_eval,specinfer_dL4,1,8,100,0,2290,5.731441,11.7785,486.603,84.901,9.0000,13125,1114.32,959.839,112.846,1.398,30.628,0.037,21.3,3.6,18747,15210,74599,,,7.3,16767.6,17460.0,cuda:0,123,bf16,48,NVIDIA A100-SXM4-80GB,1,79.2,580.126.09,96,48,1121.8,Linux-6.12.68-92.122.amzn2023.x86_64-x86_64-with-glibc2.39,sdpa+flash_attention_2 (flash_attn-2.8.3.post1),https://wandb.ai/rmukund16-indian-institute-of-technology-hyderabad/distillspec-pipeline/runs/1heslnth,4,Qwen/Qwen3-8B
2026-07-05T11:54:34,/sensei-fs-3/users/rkrishna//checkpoints/jsd_mathhard_s123/ckpt_best,math_eval,traversal_dL5,1,8,100,0,2187,6.023320,13.1538,457.916,76.024,9.0000,13173,1001.46,861.713,100.069,2.346,28.336,0.038,23.1,3.8,18745,17996,91194,,,9.2,16767.6,17458.0,cuda:0,123,bf16,48,NVIDIA A100-SXM4-80GB,1,79.2,580.126.09,96,48,1121.8,Linux-6.12.68-92.122.amzn2023.x86_64-x86_64-with-glibc2.39,sdpa+flash_attention_2 (flash_attn-2.8.3.post1),https://wandb.ai/rmukund16-indian-institute-of-technology-hyderabad/distillspec-pipeline/runs/1heslnth,5,Qwen/Qwen3-8B
2026-07-05T12:12:43,/sensei-fs-3/users/rkrishna//checkpoints/jsd_mathhard_s123/ckpt_best,math_eval,specinfer_dL5,1,8,100,0,2290,5.731441,12.4708,459.590,80.188,9.0000,13125,1052.46,906.964,105.365,1.313,29.791,0.035,23.1,3.9,18747,16566,82450,,,9.2,16767.6,17460.0,cuda:0,123,bf16,48,NVIDIA A100-SXM4-80GB,1,79.2,580.126.09,96,48,1121.8,Linux-6.12.68-92.122.amzn2023.x86_64-x86_64-with-glibc2.39,sdpa+flash_attention_2 (flash_attn-2.8.3.post1),https://wandb.ai/rmukund16-indian-institute-of-technology-hyderabad/distillspec-pipeline/runs/1heslnth,5,Qwen/Qwen3-8B
2026-07-05T12:29:05,/sensei-fs-3/users/rkrishna//checkpoints/jsd_mathhard_s123/ckpt_best,math_eval,naive,2,8,100,0,2262,5.804598,14.0466,413.239,71.192,13.1760,13130,934.75,783.965,109.964,1.372,30.264,0.044,24.4,4.1,18813,16578,86137,,,9.1,16767.6,17526.0,cuda:0,123,bf16,48,NVIDIA A100-SXM4-80GB,1,79.2,580.126.09,96,48,1121.8,Linux-6.12.68-92.122.amzn2023.x86_64-x86_64-with-glibc2.39,sdpa+flash_attention_2 (flash_attn-2.8.3.post1),https://wandb.ai/rmukund16-indian-institute-of-technology-hyderabad/distillspec-pipeline/runs/1heslnth,0,Qwen/Qwen3-8B
2026-07-05T12:52:01,/sensei-fs-3/users/rkrishna//checkpoints/jsd_mathhard_s123/ckpt_best,math_eval,nss,2,8,100,0,3224,4.053040,9.8395,411.917,101.632,13.6371,13067,1328.02,1116.644,156.754,2.264,43.025,0.040,24.5,4.1,18813,17109,83109,,,9.1,16767.6,17526.0,cuda:0,123,bf16,48,NVIDIA A100-SXM4-80GB,1,79.2,580.126.09,96,48,1121.8,Linux-6.12.68-92.122.amzn2023.x86_64-x86_64-with-glibc2.39,sdpa+flash_attention_2 (flash_attn-2.8.3.post1),https://wandb.ai/rmukund16-indian-institute-of-technology-hyderabad/distillspec-pipeline/runs/1heslnth,0,Qwen/Qwen3-8B
2026-07-05T13:10:39,/sensei-fs-3/users/rkrishna//checkpoints/jsd_mathhard_s123/ckpt_best,math_eval,specinfer,2,8,100,0,2605,5.036084,12.1509,414.460,82.298,13.4534,13119,1079.67,906.268,127.426,1.838,34.892,0.040,24.4,4.1,18813,16449,80981,,,9.1,16767.6,17526.0,cuda:0,123,bf16,48,NVIDIA A100-SXM4-80GB,1,79.2,580.126.09,96,48,1121.8,Linux-6.12.68-92.122.amzn2023.x86_64-x86_64-with-glibc2.39,sdpa+flash_attention_2 (flash_attn-2.8.3.post1),https://wandb.ai/rmukund16-indian-institute-of-technology-hyderabad/distillspec-pipeline/runs/1heslnth,0,Qwen/Qwen3-8B
2026-07-05T13:28:18,/sensei-fs-3/users/rkrishna//checkpoints/jsd_mathhard_s123/ckpt_best,math_eval,spectr,2,8,100,0,2448,5.365605,12.8156,418.677,78.030,13.4236,13135,1024.92,854.065,119.855,8.952,32.813,0.039,24.4,4.0,18813,17567,81259,,,9.2,16767.6,17526.0,cuda:0,123,bf16,48,NVIDIA A100-SXM4-80GB,1,79.2,580.126.09,96,48,1121.8,Linux-6.12.68-92.122.amzn2023.x86_64-x86_64-with-glibc2.39,sdpa+flash_attention_2 (flash_attn-2.8.3.post1),https://wandb.ai/rmukund16-indian-institute-of-technology-hyderabad/distillspec-pipeline/runs/1heslnth,0,Qwen/Qwen3-8B
2026-07-05T13:47:57,/sensei-fs-3/users/rkrishna//checkpoints/jsd_mathhard_s123/ckpt_best,math_eval,khisti,2,8,100,0,2631,4.978335,11.4534,434.659,87.310,13.5314,13098,1143.59,938.066,131.615,28.584,35.826,0.039,23.4,3.9,18813,16481,77640,,,9.2,16767.6,17526.0,cuda:0,123,bf16,48,NVIDIA A100-SXM4-80GB,1,79.2,580.126.09,96,48,1121.8,Linux-6.12.68-92.122.amzn2023.x86_64-x86_64-with-glibc2.39,sdpa+flash_attention_2 (flash_attn-2.8.3.post1),https://wandb.ai/rmukund16-indian-institute-of-technology-hyderabad/distillspec-pipeline/runs/1heslnth,0,Qwen/Qwen3-8B
2026-07-05T14:07:02,/sensei-fs-3/users/rkrishna//checkpoints/jsd_mathhard_s123/ckpt_best,math_eval,max,2,8,100,0,2517,5.191101,11.8681,437.399,84.259,13.6055,13066,1100.93,879.031,123.436,55.126,34.010,0.039,24.0,4.0,18813,16092,80712,,,8.9,16767.6,17526.0,cuda:0,123,bf16,48,NVIDIA A100-SXM4-80GB,1,79.2,580.126.09,96,48,1121.8,Linux-6.12.68-92.122.amzn2023.x86_64-x86_64-with-glibc2.39,sdpa+flash_attention_2 (flash_attn-2.8.3.post1),https://wandb.ai/rmukund16-indian-institute-of-technology-hyderabad/distillspec-pipeline/runs/1heslnth,0,Qwen/Qwen3-8B
2026-07-05T14:22:40,/sensei-fs-3/users/rkrishna//checkpoints/jsd_mathhard_s123/ckpt_best,math_eval,bv,2,8,100,0,2184,6.018773,14.4825,415.589,69.049,13.0362,13145,907.65,759.145,106.500,3.677,29.184,0.040,24.3,4.0,18813,17456,81231,,,8.1,16767.6,17526.0,cuda:0,123,bf16,48,NVIDIA A100-SXM4-80GB,1,79.2,580.126.09,96,48,1121.8,Linux-6.12.68-92.122.amzn2023.x86_64-x86_64-with-glibc2.39,sdpa+flash_attention_2 (flash_attn-2.8.3.post1),https://wandb.ai/rmukund16-indian-institute-of-technology-hyderabad/distillspec-pipeline/runs/1heslnth,0,Qwen/Qwen3-8B
2026-07-05T14:40:24,/sensei-fs-3/users/rkrishna//checkpoints/jsd_mathhard_s123/ckpt_best,math_eval,gbv,2,8,100,0,2437,5.379155,12.7114,423.177,78.670,13.4723,13109,1031.28,850.758,119.769,18.847,32.644,0.041,24.3,4.0,18879,16705,78121,,,8.1,16809.5,17590.0,cuda:0,123,bf16,48,NVIDIA A100-SXM4-80GB,1,79.2,580.126.09,96,48,1121.8,Linux-6.12.68-92.122.amzn2023.x86_64-x86_64-with-glibc2.39,sdpa+flash_attention_2 (flash_attn-2.8.3.post1),https://wandb.ai/rmukund16-indian-institute-of-technology-hyderabad/distillspec-pipeline/runs/1heslnth,0,Qwen/Qwen3-8B
2026-07-05T14:56:21,/sensei-fs-3/users/rkrishna//checkpoints/jsd_mathhard_s123/ckpt_best,math_eval,traversal,2,8,100,0,2235,5.872483,14.1437,415.202,70.703,13.1128,13125,927.98,775.882,109.216,3.868,29.826,0.041,24.4,4.1,18879,16742,87290,,,8.1,16788.6,17590.0,cuda:0,123,bf16,48,NVIDIA A100-SXM4-80GB,1,79.2,580.126.09,96,48,1121.8,Linux-6.12.68-92.122.amzn2023.x86_64-x86_64-with-glibc2.39,sdpa+flash_attention_2 (flash_attn-2.8.3.post1),https://wandb.ai/rmukund16-indian-institute-of-technology-hyderabad/distillspec-pipeline/runs/1heslnth,0,Qwen/Qwen3-8B
2026-07-05T15:14:30,/sensei-fs-3/users/rkrishna//checkpoints/jsd_mathhard_s123/ckpt_best,math_eval,traversal_dAdapt,2,8,100,0,2272,5.768926,12.6487,456.087,79.059,10.8583,13107,1036.23,885.663,107.708,3.290,30.262,0.041,23.5,3.8,18811,17591,81853,,,8.2,16767.6,17524.0,cuda:0,123,bf16,48,NVIDIA A100-SXM4-80GB,1,79.2,580.126.09,96,48,1121.8,Linux-6.12.68-92.122.amzn2023.x86_64-x86_64-with-glibc2.39,sdpa+flash_attention_2 (flash_attn-2.8.3.post1),https://wandb.ai/rmukund16-indian-institute-of-technology-hyderabad/distillspec-pipeline/runs/1heslnth,0,Qwen/Qwen3-8B
2026-07-05T15:33:39,/sensei-fs-3/users/rkrishna//checkpoints/jsd_mathhard_s123/ckpt_best,math_eval,specinfer_dAdapt,2,8,100,0,2440,5.360246,11.8021,454.177,84.731,10.9906,13079,1108.19,948.759,115.935,1.673,32.538,0.037,23.5,3.8,18811,16458,81448,,,8.2,16767.6,17524.0,cuda:0,123,bf16,48,NVIDIA A100-SXM4-80GB,1,79.2,580.126.09,96,48,1121.8,Linux-6.12.68-92.122.amzn2023.x86_64-x86_64-with-glibc2.39,sdpa+flash_attention_2 (flash_attn-2.8.3.post1),https://wandb.ai/rmukund16-indian-institute-of-technology-hyderabad/distillspec-pipeline/runs/1heslnth,0,Qwen/Qwen3-8B
2026-07-05T15:53:09,/sensei-fs-3/users/rkrishna//checkpoints/jsd_mathhard_s123/ckpt_best,math_eval,traversal_dL3,2,8,100,0,2289,5.729576,11.7863,486.122,84.844,11.0201,13115,1112.73,950.339,115.859,3.637,31.742,0.044,22.0,3.6,18811,16519,72518,,,8.2,16767.6,17524.0,cuda:0,123,bf16,48,NVIDIA A100-SXM4-80GB,1,79.2,580.126.09,96,48,1121.8,Linux-6.12.68-92.122.amzn2023.x86_64-x86_64-with-glibc2.39,sdpa+flash_attention_2 (flash_attn-2.8.3.post1),https://wandb.ai/rmukund16-indian-institute-of-technology-hyderabad/distillspec-pipeline/runs/1heslnth,3,Qwen/Qwen3-8B
2026-07-05T16:12:54,/sensei-fs-3/users/rkrishna//checkpoints/jsd_mathhard_s123/ckpt_best,math_eval,specinfer_dL3,2,8,100,0,2386,5.518022,11.4849,480.458,87.071,10.9472,13166,1146.37,982.393,119.405,1.742,33.007,0.040,22.5,3.7,18811,19280,92665,,,10.0,16767.6,17524.0,cuda:0,123,bf16,48,NVIDIA A100-SXM4-80GB,1,79.2,580.126.09,96,48,1121.8,Linux-6.12.68-92.122.amzn2023.x86_64-x86_64-with-glibc2.39,sdpa+flash_attention_2 (flash_attn-2.8.3.post1),https://wandb.ai/rmukund16-indian-institute-of-technology-hyderabad/distillspec-pipeline/runs/1heslnth,3,Qwen/Qwen3-8B
2026-07-05T17:24:23,/sensei-fs-3/users/rkrishna//checkpoints/jsd_mathhard_s123/ckpt_best,math_eval,traversal_dL4,2,8,100,0,2208,5.937953,13.2509,448.118,75.467,10.3619,13111,989.44,847.467,101.154,2.937,28.846,0.011,30.3,13.2,67539,15325,79339,,,10.5,16767.6,17140.0,cuda:0,123,bf16,48,NVIDIA A100-SXM4-80GB,1,79.2,580.126.09,96,48,1121.8,Linux-6.12.68-92.122.amzn2023.x86_64-x86_64-with-glibc2.39,sdpa+flash_attention_2 (flash_attn-2.8.3.post1),https://wandb.ai/rmukund16-indian-institute-of-technology-hyderabad/distillspec-pipeline/runs/1heslnth,4,Qwen/Qwen3-8B
2026-07-05T17:42:59,/sensei-fs-3/users/rkrishna//checkpoints/jsd_mathhard_s123/ckpt_best,math_eval,specinfer_dL4,2,8,100,0,2330,5.652790,12.1706,464.462,82.165,10.4429,13171,1082.20,928.122,111.366,1.672,31.640,0.039,32.3,13.2,67453,16630,76215,,,9.1,16767.6,17522.0,cuda:0,123,bf16,48,NVIDIA A100-SXM4-80GB,1,79.2,580.126.09,96,48,1121.8,Linux-6.12.68-92.122.amzn2023.x86_64-x86_64-with-glibc2.39,sdpa+flash_attention_2 (flash_attn-2.8.3.post1),https://wandb.ai/rmukund16-indian-institute-of-technology-hyderabad/distillspec-pipeline/runs/1heslnth,4,Qwen/Qwen3-8B
2026-07-05T18:00:02,/sensei-fs-3/users/rkrishna//checkpoints/jsd_mathhard_s123/ckpt_best,math_eval,traversal_dL5,2,8,100,0,2170,6.045161,13.4423,449.712,74.392,9.8774,13118,975.87,836.034,99.906,2.679,28.239,0.043,31.6,12.8,67893,16263,74929,,,9.3,16767.6,17522.0,cuda:0,123,bf16,48,NVIDIA A100-SXM4-80GB,1,79.2,580.126.09,96,48,1121.8,Linux-6.12.68-92.122.amzn2023.x86_64-x86_64-with-glibc2.39,sdpa+flash_attention_2 (flash_attn-2.8.3.post1),https://wandb.ai/rmukund16-indian-institute-of-technology-hyderabad/distillspec-pipeline/runs/1heslnth,5,Qwen/Qwen3-8B
2026-07-05T18:18:02,/sensei-fs-3/users/rkrishna//checkpoints/jsd_mathhard_s123/ckpt_best,math_eval,specinfer_dL5,2,8,100,0,2328,5.637887,12.5307,449.926,79.804,9.9089,13125,1047.43,899.089,107.460,1.572,30.269,0.038,31.9,12.7,67899,16008,75248,,,9.1,16767.6,17524.0,cuda:0,123,bf16,48,NVIDIA A100-SXM4-80GB,1,79.2,580.126.09,96,48,1121.8,Linux-6.12.68-92.122.amzn2023.x86_64-x86_64-with-glibc2.39,sdpa+flash_attention_2 (flash_attn-2.8.3.post1),https://wandb.ai/rmukund16-indian-institute-of-technology-hyderabad/distillspec-pipeline/runs/1heslnth,5,Qwen/Qwen3-8B
2026-07-05T18:35:36,/sensei-fs-3/users/rkrishna//checkpoints/jsd_mathhard_s123/ckpt_best,math_eval,naive,3,8,100,0,2376,5.515152,12.9880,424.635,76.994,17.0042,13104,1008.93,845.869,119.688,1.477,32.496,0.042,31.8,13.1,67899,15663,73580,,,9.3,16767.6,17608.0,cuda:0,123,bf16,48,NVIDIA A100-SXM4-80GB,1,79.2,580.126.09,96,48,1121.8,Linux-6.12.68-92.122.amzn2023.x86_64-x86_64-with-glibc2.39,sdpa+flash_attention_2 (flash_attn-2.8.3.post1),https://wandb.ai/rmukund16-indian-institute-of-technology-hyderabad/distillspec-pipeline/runs/1heslnth,0,Qwen/Qwen3-8B
2026-07-05T18:59:46,/sensei-fs-3/users/rkrishna//checkpoints/jsd_mathhard_s123/ckpt_best,math_eval,nss,3,8,100,0,3329,3.913788,9.2270,424.165,108.377,18.0195,13029,1412.05,1186.264,167.704,2.426,46.023,0.039,31.7,12.5,67899,17396,75740,,,9.2,16767.6,17608.0,cuda:0,123,bf16,48,NVIDIA A100-SXM4-80GB,1,79.2,580.126.09,96,48,1121.8,Linux-6.12.68-92.122.amzn2023.x86_64-x86_64-with-glibc2.39,sdpa+flash_attention_2 (flash_attn-2.8.3.post1),https://wandb.ai/rmukund16-indian-institute-of-technology-hyderabad/distillspec-pipeline/runs/1heslnth,0,Qwen/Qwen3-8B
2026-07-05T19:20:07,/sensei-fs-3/users/rkrishna//checkpoints/jsd_mathhard_s123/ckpt_best,math_eval,specinfer,3,8,100,0,2743,4.766314,11.1215,428.568,89.916,17.8585,13074,1175.56,986.284,139.236,2.295,38.181,0.038,32.5,12.8,67927,17109,77893,,,9.2,16767.6,17608.0,cuda:0,123,bf16,48,NVIDIA A100-SXM4-80GB,1,79.2,580.126.09,96,48,1121.8,Linux-6.12.68-92.122.amzn2023.x86_64-x86_64-with-glibc2.39,sdpa+flash_attention_2 (flash_attn-2.8.3.post1),https://wandb.ai/rmukund16-indian-institute-of-technology-hyderabad/distillspec-pipeline/runs/1heslnth,0,Qwen/Qwen3-8B
2026-07-05T19:38:08,/sensei-fs-3/users/rkrishna//checkpoints/jsd_mathhard_s123/ckpt_best,math_eval,spectr,3,8,100,0,2422,5.405863,12.5104,432.108,79.933,17.0908,13093,1046.57,870.123,122.685,10.671,33.613,0.037,33.1,13.5,67927,16811,77619,,,9.2,16767.6,17608.0,cuda:0,123,bf16,48,NVIDIA A100-SXM4-80GB,1,79.2,580.126.09,96,48,1121.8,Linux-6.12.68-92.122.amzn2023.x86_64-x86_64-with-glibc2.39,sdpa+flash_attention_2 (flash_attn-2.8.3.post1),https://wandb.ai/rmukund16-indian-institute-of-technology-hyderabad/distillspec-pipeline/runs/1heslnth,0,Qwen/Qwen3-8B
2026-07-05T20:00:26,/sensei-fs-3/users/rkrishna//checkpoints/jsd_mathhard_s123/ckpt_best,math_eval,khisti,3,8,100,0,2936,4.463215,10.1453,439.929,98.568,18.3539,13104,1291.63,1042.532,147.398,51.661,40.516,0.036,31.4,12.1,67927,21794,128107,,,9.2,16767.6,17608.0,cuda:0,123,bf16,48,NVIDIA A100-SXM4-80GB,1,79.2,580.126.09,96,48,1121.8,Linux-6.12.68-92.122.amzn2023.x86_64-x86_64-with-glibc2.39,sdpa+flash_attention_2 (flash_attn-2.8.3.post1),https://wandb.ai/rmukund16-indian-institute-of-technology-hyderabad/distillspec-pipeline/runs/1heslnth,0,Qwen/Qwen3-8B
2026-07-05T20:21:28,/sensei-fs-3/users/rkrishna//checkpoints/jsd_mathhard_s123/ckpt_best,math_eval,max,3,8,100,0,2632,4.968085,10.6930,464.612,93.519,17.7314,13076,1222.86,950.494,134.113,92.055,36.580,0.036,31.2,11.9,67895,23048,119405,,,9.2,16767.6,17610.0,cuda:0,123,bf16,48,NVIDIA A100-SXM4-80GB,1,79.2,580.126.09,96,48,1121.8,Linux-6.12.68-92.122.amzn2023.x86_64-x86_64-with-glibc2.39,sdpa+flash_attention_2 (flash_attn-2.8.3.post1),https://wandb.ai/rmukund16-indian-institute-of-technology-hyderabad/distillspec-pipeline/runs/1heslnth,0,Qwen/Qwen3-8B
2026-07-05T20:37:49,/sensei-fs-3/users/rkrishna//checkpoints/jsd_mathhard_s123/ckpt_best,math_eval,bv,3,8,100,0,2214,5.946703,13.8861,428.250,72.015,16.1716,13166,948.15,792.496,111.646,3.964,30.660,0.038,29.9,11.6,67893,15641,71288,,,9.1,16767.6,17610.0,cuda:0,123,bf16,48,NVIDIA A100-SXM4-80GB,1,79.2,580.126.09,96,48,1121.8,Linux-6.12.68-92.122.amzn2023.x86_64-x86_64-with-glibc2.39,sdpa+flash_attention_2 (flash_attn-2.8.3.post1),https://wandb.ai/rmukund16-indian-institute-of-technology-hyderabad/distillspec-pipeline/runs/1heslnth,0,Qwen/Qwen3-8B
2026-07-05T20:57:44,/sensei-fs-3/users/rkrishna//checkpoints/jsd_mathhard_s123/ckpt_best,math_eval,gbv,3,8,100,0,2636,4.959408,11.3172,438.220,88.361,17.6514,13073,1155.15,950.847,134.765,23.306,36.581,0.040,31.9,12.1,67893,25239,148993,,,9.2,16814.2,17674.0,cuda:0,123,bf16,48,NVIDIA A100-SXM4-80GB,1,79.2,580.126.09,96,48,1121.8,Linux-6.12.68-92.122.amzn2023.x86_64-x86_64-with-glibc2.39,sdpa+flash_attention_2 (flash_attn-2.8.3.post1),https://wandb.ai/rmukund16-indian-institute-of-technology-hyderabad/distillspec-pipeline/runs/1heslnth,0,Qwen/Qwen3-8B
2026-07-05T21:13:35,/sensei-fs-3/users/rkrishna//checkpoints/jsd_mathhard_s123/ckpt_best,math_eval,traversal,3,8,100,0,2202,5.957312,14.2810,417.150,70.023,16.8960,13118,918.56,766.186,108.672,4.804,29.719,0.041,31.6,12.2,67899,17479,76859,,,9.2,16800.2,17674.0,cuda:0,123,bf16,48,NVIDIA A100-SXM4-80GB,1,79.2,580.126.09,96,48,1121.8,Linux-6.12.68-92.122.amzn2023.x86_64-x86_64-with-glibc2.39,sdpa+flash_attention_2 (flash_attn-2.8.3.post1),https://wandb.ai/rmukund16-indian-institute-of-technology-hyderabad/distillspec-pipeline/runs/1heslnth,0,Qwen/Qwen3-8B
2026-07-05T21:31:44,/sensei-fs-3/users/rkrishna//checkpoints/jsd_mathhard_s123/ckpt_best,math_eval,traversal_dAdapt,3,8,100,0,2197,5.970869,12.6051,473.686,79.333,12.0988,13118,1040.69,888.793,108.668,3.756,29.841,0.039,31.4,12.2,67899,20432,110839,,,9.3,16767.6,17606.0,cuda:0,123,bf16,48,NVIDIA A100-SXM4-80GB,1,79.2,580.126.09,96,48,1121.8,Linux-6.12.68-92.122.amzn2023.x86_64-x86_64-with-glibc2.39,sdpa+flash_attention_2 (flash_attn-2.8.3.post1),https://wandb.ai/rmukund16-indian-institute-of-technology-hyderabad/distillspec-pipeline/runs/1heslnth,0,Qwen/Qwen3-8B
2026-07-05T21:51:49,/sensei-fs-3/users/rkrishna//checkpoints/jsd_mathhard_s123/ckpt_best,math_eval,specinfer_dAdapt,3,8,100,0,2464,5.313312,11.2680,471.539,88.747,12.6932,13092,1161.87,994.193,122.542,2.023,33.397,0.036,31.4,12.0,67897,18873,101353,,,9.2,16767.6,17606.0,cuda:0,123,bf16,48,NVIDIA A100-SXM4-80GB,1,79.2,580.126.09,96,48,1121.8,Linux-6.12.68-92.122.amzn2023.x86_64-x86_64-with-glibc2.39,sdpa+flash_attention_2 (flash_attn-2.8.3.post1),https://wandb.ai/rmukund16-indian-institute-of-technology-hyderabad/distillspec-pipeline/runs/1heslnth,0,Qwen/Qwen3-8B
2026-07-05T22:09:41,/sensei-fs-3/users/rkrishna//checkpoints/jsd_mathhard_s123/ckpt_best,math_eval,traversal_dL3,3,8,100,0,2179,6.045434,12.8946,468.835,77.552,12.4328,13173,1021.59,873.125,105.478,3.807,29.688,0.040,31.6,12.3,68035,22696,138367,,,9.3,16767.6,17604.0,cuda:0,123,bf16,48,NVIDIA A100-SXM4-80GB,1,79.2,580.126.09,96,48,1121.8,Linux-6.12.68-92.122.amzn2023.x86_64-x86_64-with-glibc2.39,sdpa+flash_attention_2 (flash_attn-2.8.3.post1),https://wandb.ai/rmukund16-indian-institute-of-technology-hyderabad/distillspec-pipeline/runs/1heslnth,3,Qwen/Qwen3-8B
2026-07-05T22:29:47,/sensei-fs-3/users/rkrishna//checkpoints/jsd_mathhard_s123/ckpt_best,math_eval,specinfer_dL3,3,8,100,0,2486,5.278761,11.2923,467.466,88.556,12.5998,13123,1162.12,996.224,120.642,1.992,33.757,0.036,34.6,14.0,67963,17977,82692,,,9.2,16767.6,17604.0,cuda:0,123,bf16,48,NVIDIA A100-SXM4-80GB,1,79.2,580.126.09,96,48,1121.8,Linux-6.12.68-92.122.amzn2023.x86_64-x86_64-with-glibc2.39,sdpa+flash_attention_2 (flash_attn-2.8.3.post1),https://wandb.ai/rmukund16-indian-institute-of-technology-hyderabad/distillspec-pipeline/runs/1heslnth,3,Qwen/Qwen3-8B
2026-07-05T22:47:42,/sensei-fs-3/users/rkrishna//checkpoints/jsd_mathhard_s123/ckpt_best,math_eval,traversal_dL4,3,8,100,0,2213,5.945775,12.9188,460.243,77.407,11.4221,13158,1018.52,871.177,104.714,3.523,29.866,0.041,33.1,12.9,67963,16758,78530,,,9.1,16767.6,17604.0,cuda:0,123,bf16,48,NVIDIA A100-SXM4-80GB,1,79.2,580.126.09,96,48,1121.8,Linux-6.12.68-92.122.amzn2023.x86_64-x86_64-with-glibc2.39,sdpa+flash_attention_2 (flash_attn-2.8.3.post1),https://wandb.ai/rmukund16-indian-institute-of-technology-hyderabad/distillspec-pipeline/runs/1heslnth,4,Qwen/Qwen3-8B
2026-07-05T23:06:35,/sensei-fs-3/users/rkrishna//checkpoints/jsd_mathhard_s123/ckpt_best,math_eval,specinfer_dL4,3,8,100,0,2457,5.323158,11.8858,447.859,84.134,11.5942,13079,1100.39,943.342,113.792,1.883,32.295,0.039,33.2,13.2,67963,17370,83399,,,9.1,16767.6,17606.0,cuda:0,123,bf16,48,NVIDIA A100-SXM4-80GB,1,79.2,580.126.09,96,48,1121.8,Linux-6.12.68-92.122.amzn2023.x86_64-x86_64-with-glibc2.39,sdpa+flash_attention_2 (flash_attn-2.8.3.post1),https://wandb.ai/rmukund16-indian-institute-of-technology-hyderabad/distillspec-pipeline/runs/1heslnth,4,Qwen/Qwen3-8B
2026-07-05T23:24:03,/sensei-fs-3/users/rkrishna//checkpoints/jsd_mathhard_s123/ckpt_best,math_eval,traversal_dL5,3,8,100,0,2147,6.113181,13.1565,464.649,76.008,10.4928,13125,997.60,854.552,101.956,3.004,28.804,0.040,33.9,13.7,67963,17035,79141,,,9.1,16767.6,17602.0,cuda:0,123,bf16,48,NVIDIA A100-SXM4-80GB,1,79.2,580.126.09,96,48,1121.8,Linux-6.12.68-92.122.amzn2023.x86_64-x86_64-with-glibc2.39,sdpa+flash_attention_2 (flash_attn-2.8.3.post1),https://wandb.ai/rmukund16-indian-institute-of-technology-hyderabad/distillspec-pipeline/runs/1heslnth,5,Qwen/Qwen3-8B
2026-07-05T23:42:18,/sensei-fs-3/users/rkrishna//checkpoints/jsd_mathhard_s123/ckpt_best,math_eval,specinfer_dL5,3,8,100,0,2279,5.746819,12.4125,462.986,80.564,10.6310,13097,1055.15,905.569,108.203,1.818,30.297,0.037,33.2,13.1,67963,16406,78723,,,9.1,16767.6,17602.0,cuda:0,123,bf16,48,NVIDIA A100-SXM4-80GB,1,79.2,580.126.09,96,48,1121.8,Linux-6.12.68-92.122.amzn2023.x86_64-x86_64-with-glibc2.39,sdpa+flash_attention_2 (flash_attn-2.8.3.post1),https://wandb.ai/rmukund16-indian-institute-of-technology-hyderabad/distillspec-pipeline/runs/1heslnth,5,Qwen/Qwen3-8B
2026-07-05T23:59:46,/sensei-fs-3/users/rkrishna//checkpoints/jsd_mathhard_s123/ckpt_best,math_eval,naive,4,8,100,0,2360,5.571610,13.1235,424.552,76.199,20.2975,13149,1001.94,839.831,118.543,1.537,32.707,0.040,33.8,13.8,67963,16836,80625,,,9.1,16767.6,17718.0,cuda:0,123,bf16,48,NVIDIA A100-SXM4-80GB,1,79.2,580.126.09,96,48,1121.8,Linux-6.12.68-92.122.amzn2023.x86_64-x86_64-with-glibc2.39,sdpa+flash_attention_2 (flash_attn-2.8.3.post1),https://wandb.ai/rmukund16-indian-institute-of-technology-hyderabad/distillspec-pipeline/runs/1heslnth,0,Qwen/Qwen3-8B
2026-07-06T00:26:14,/sensei-fs-3/users/rkrishna//checkpoints/jsd_mathhard_s123/ckpt_best,math_eval,nss,4,8,100,0,3442,3.783266,8.4312,448.721,118.607,22.6310,13022,1544.50,1298.157,184.674,2.514,48.934,0.036,34.3,13.7,67963,17809,80354,,,9.1,16767.6,17722.0,cuda:0,123,bf16,48,NVIDIA A100-SXM4-80GB,1,79.2,580.126.09,96,48,1121.8,Linux-6.12.68-92.122.amzn2023.x86_64-x86_64-with-glibc2.39,sdpa+flash_attention_2 (flash_attn-2.8.3.post1),https://wandb.ai/rmukund16-indian-institute-of-technology-hyderabad/distillspec-pipeline/runs/1heslnth,0,Qwen/Qwen3-8B
2026-07-06T00:46:23,/sensei-fs-3/users/rkrishna//checkpoints/jsd_mathhard_s123/ckpt_best,math_eval,specinfer,4,8,100,0,2909,4.484703,11.1915,400.725,89.354,22.1031,13046,1165.71,978.157,137.979,2.407,38.226,0.036,34.4,13.8,67963,17915,80932,,,9.2,16767.6,17742.0,cuda:0,123,bf16,48,NVIDIA A100-SXM4-80GB,1,79.2,580.126.09,96,48,1121.8,Linux-6.12.68-92.122.amzn2023.x86_64-x86_64-with-glibc2.39,sdpa+flash_attention_2 (flash_attn-2.8.3.post1),https://wandb.ai/rmukund16-indian-institute-of-technology-hyderabad/distillspec-pipeline/runs/1heslnth,0,Qwen/Qwen3-8B
2026-07-06T01:03:57,/sensei-fs-3/users/rkrishna//checkpoints/jsd_mathhard_s123/ckpt_best,math_eval,spectr,4,8,100,0,2535,5.152663,12.7995,402.569,78.128,21.2730,13062,1020.51,849.079,119.599,9.927,33.092,0.035,34.0,13.4,68021,18019,80406,,,9.1,16767.6,17742.0,cuda:0,123,bf16,48,NVIDIA A100-SXM4-80GB,1,79.2,580.126.09,96,48,1121.8,Linux-6.12.68-92.122.amzn2023.x86_64-x86_64-with-glibc2.39,sdpa+flash_attention_2 (flash_attn-2.8.3.post1),https://wandb.ai/rmukund16-indian-institute-of-technology-hyderabad/distillspec-pipeline/runs/1heslnth,0,Qwen/Qwen3-8B
2026-07-06T01:26:02,/sensei-fs-3/users/rkrishna//checkpoints/jsd_mathhard_s123/ckpt_best,math_eval,khisti,4,8,100,0,3047,4.279947,10.1103,423.325,98.909,23.0351,13041,1289.87,1025.250,144.987,70.233,40.377,0.035,30.9,12.0,68021,23721,129940,,,9.2,16767.6,17742.0,cuda:0,123,bf16,48,NVIDIA A100-SXM4-80GB,1,79.2,580.126.09,96,48,1121.8,Linux-6.12.68-92.122.amzn2023.x86_64-x86_64-with-glibc2.39,sdpa+flash_attention_2 (flash_attn-2.8.3.post1),https://wandb.ai/rmukund16-indian-institute-of-technology-hyderabad/distillspec-pipeline/runs/1heslnth,0,Qwen/Qwen3-8B
2026-07-06T01:47:27,/sensei-fs-3/users/rkrishna//checkpoints/jsd_mathhard_s123/ckpt_best,math_eval,max,4,8,100,0,2755,4.747005,10.5076,451.768,95.169,21.9387,13078,1244.62,945.980,133.829,118.821,36.910,0.035,33.2,12.9,67959,17282,79424,,,9.2,16767.6,17742.0,cuda:0,123,bf16,48,NVIDIA A100-SXM4-80GB,1,79.2,580.126.09,96,48,1121.8,Linux-6.12.68-92.122.amzn2023.x86_64-x86_64-with-glibc2.39,sdpa+flash_attention_2 (flash_attn-2.8.3.post1),https://wandb.ai/rmukund16-indian-institute-of-technology-hyderabad/distillspec-pipeline/runs/1heslnth,0,Qwen/Qwen3-8B
2026-07-06T02:02:29,/sensei-fs-3/users/rkrishna//checkpoints/jsd_mathhard_s123/ckpt_best,math_eval,bv,4,8,100,0,2189,5.996345,15.0664,397.996,66.373,19.2517,13126,871.21,728.148,102.264,3.522,28.604,0.036,33.6,13.2,67963,17449,80843,,,9.2,16767.6,17742.0,cuda:0,123,bf16,48,NVIDIA A100-SXM4-80GB,1,79.2,580.126.09,96,48,1121.8,Linux-6.12.68-92.122.amzn2023.x86_64-x86_64-with-glibc2.39,sdpa+flash_attention_2 (flash_attn-2.8.3.post1),https://wandb.ai/rmukund16-indian-institute-of-technology-hyderabad/distillspec-pipeline/runs/1heslnth,0,Qwen/Qwen3-8B
2026-07-06T02:22:38,/sensei-fs-3/users/rkrishna//checkpoints/jsd_mathhard_s123/ckpt_best,math_eval,gbv,4,8,100,0,2860,4.576573,11.1599,410.090,89.606,22.0315,13089,1172.86,964.505,137.049,24.595,37.691,0.038,33.1,12.8,67963,24481,125530,,,9.2,16830.5,17824.0,cuda:0,123,bf16,48,NVIDIA A100-SXM4-80GB,1,79.2,580.126.09,96,48,1121.8,Linux-6.12.68-92.122.amzn2023.x86_64-x86_64-with-glibc2.39,sdpa+flash_attention_2 (flash_attn-2.8.3.post1),https://wandb.ai/rmukund16-indian-institute-of-technology-hyderabad/distillspec-pipeline/runs/1heslnth,0,Qwen/Qwen3-8B
2026-07-06T02:38:14,/sensei-fs-3/users/rkrishna//checkpoints/jsd_mathhard_s123/ckpt_best,math_eval,traversal,4,8,100,0,2248,5.828737,14.3935,404.956,69.476,20.2424,13103,910.34,758.463,107.482,5.867,29.628,0.039,33.2,13.1,67961,17961,79298,,,9.2,16816.5,17824.0,cuda:0,123,bf16,48,NVIDIA A100-SXM4-80GB,1,79.2,580.126.09,96,48,1121.8,Linux-6.12.68-92.122.amzn2023.x86_64-x86_64-with-glibc2.39,sdpa+flash_attention_2 (flash_attn-2.8.3.post1),https://wandb.ai/rmukund16-indian-institute-of-technology-hyderabad/distillspec-pipeline/runs/1heslnth,0,Qwen/Qwen3-8B
2026-07-06T02:56:07,/sensei-fs-3/users/rkrishna//checkpoints/jsd_mathhard_s123/ckpt_best,math_eval,traversal_dAdapt,4,8,100,0,2169,6.067773,12.9049,470.192,77.490,13.4882,13161,1019.85,870.076,106.839,3.964,29.461,0.040,31.1,11.7,67961,23226,145981,,,9.2,16767.6,17704.0,cuda:0,123,bf16,48,NVIDIA A100-SXM4-80GB,1,79.2,580.126.09,96,48,1121.8,Linux-6.12.68-92.122.amzn2023.x86_64-x86_64-with-glibc2.39,sdpa+flash_attention_2 (flash_attn-2.8.3.post1),https://wandb.ai/rmukund16-indian-institute-of-technology-hyderabad/distillspec-pipeline/runs/1heslnth,0,Qwen/Qwen3-8B
2026-07-06T03:16:29,/sensei-fs-3/users/rkrishna//checkpoints/jsd_mathhard_s123/ckpt_best,math_eval,specinfer_dAdapt,4,8,100,0,2496,5.245994,11.0495,474.772,90.502,14.2260,13094,1185.03,1012.145,126.343,2.295,34.383,0.040,32.1,12.5,67959,16946,77867,,,9.2,16767.6,17724.0,cuda:0,123,bf16,48,NVIDIA A100-SXM4-80GB,1,79.2,580.126.09,96,48,1121.8,Linux-6.12.68-92.122.amzn2023.x86_64-x86_64-with-glibc2.39,sdpa+flash_attention_2 (flash_attn-2.8.3.post1),https://wandb.ai/rmukund16-indian-institute-of-technology-hyderabad/distillspec-pipeline/runs/1heslnth,0,Qwen/Qwen3-8B
2026-07-06T03:34:35,/sensei-fs-3/users/rkrishna//checkpoints/jsd_mathhard_s123/ckpt_best,math_eval,traversal_dL3,4,8,100,0,2175,6.036322,12.7148,474.747,78.648,13.6257,13129,1032.57,881.791,107.468,4.219,29.523,0.042,30.8,11.8,67959,24697,142561,,,9.2,16767.6,17722.0,cuda:0,123,bf16,48,NVIDIA A100-SXM4-80GB,1,79.2,580.126.09,96,48,1121.8,Linux-6.12.68-92.122.amzn2023.x86_64-x86_64-with-glibc2.39,sdpa+flash_attention_2 (flash_attn-2.8.3.post1),https://wandb.ai/rmukund16-indian-institute-of-technology-hyderabad/distillspec-pipeline/runs/1heslnth,3,Qwen/Qwen3-8B
2026-07-06T03:54:33,/sensei-fs-3/users/rkrishna//checkpoints/jsd_mathhard_s123/ckpt_best,math_eval,specinfer_dL3,4,8,100,0,2488,5.282154,11.2993,467.478,88.501,14.0394,13142,1163.08,995.806,121.814,2.233,33.701,0.038,31.7,12.2,67963,17043,76982,,,9.2,16767.6,17722.0,cuda:0,123,bf16,48,NVIDIA A100-SXM4-80GB,1,79.2,580.126.09,96,48,1121.8,Linux-6.12.68-92.122.amzn2023.x86_64-x86_64-with-glibc2.39,sdpa+flash_attention_2 (flash_attn-2.8.3.post1),https://wandb.ai/rmukund16-indian-institute-of-technology-hyderabad/distillspec-pipeline/runs/1heslnth,3,Qwen/Qwen3-8B
2026-07-06T04:12:00,/sensei-fs-3/users/rkrishna//checkpoints/jsd_mathhard_s123/ckpt_best,math_eval,traversal_dL4,4,8,100,0,2148,6.114525,13.1687,464.323,75.938,11.9767,13134,997.37,852.861,103.017,3.516,28.634,0.043,33.1,12.8,67973,25494,149887,,,9.2,16767.6,17702.0,cuda:0,123,bf16,48,NVIDIA A100-SXM4-80GB,1,79.2,580.126.09,96,48,1121.8,Linux-6.12.68-92.122.amzn2023.x86_64-x86_64-with-glibc2.39,sdpa+flash_attention_2 (flash_attn-2.8.3.post1),https://wandb.ai/rmukund16-indian-institute-of-technology-hyderabad/distillspec-pipeline/runs/1heslnth,4,Qwen/Qwen3-8B
2026-07-06T04:31:11,/sensei-fs-3/users/rkrishna//checkpoints/jsd_mathhard_s123/ckpt_best,math_eval,specinfer_dL4,4,8,100,0,2410,5.436100,11.7079,464.310,85.412,12.5481,13101,1118.99,958.726,116.494,2.129,32.213,0.040,34.6,13.9,68043,17490,81703,,,9.2,16767.6,17702.0,cuda:0,123,bf16,48,NVIDIA A100-SXM4-80GB,1,79.2,580.126.09,96,48,1121.8,Linux-6.12.68-92.122.amzn2023.x86_64-x86_64-with-glibc2.39,sdpa+flash_attention_2 (flash_attn-2.8.3.post1),https://wandb.ai/rmukund16-indian-institute-of-technology-hyderabad/distillspec-pipeline/runs/1heslnth,4,Qwen/Qwen3-8B
2026-07-06T04:49:22,/sensei-fs-3/users/rkrishna//checkpoints/jsd_mathhard_s123/ckpt_best,math_eval,traversal_dL5,4,8,100,0,2204,5.975499,12.6277,473.206,79.191,11.1080,13170,1042.95,893.097,107.170,3.439,29.723,0.043,34.3,13.6,68067,18699,85599,,,9.2,16767.6,17700.0,cuda:0,123,bf16,48,NVIDIA A100-SXM4-80GB,1,79.2,580.126.09,96,48,1121.8,Linux-6.12.68-92.122.amzn2023.x86_64-x86_64-with-glibc2.39,sdpa+flash_attention_2 (flash_attn-2.8.3.post1),https://wandb.ai/rmukund16-indian-institute-of-technology-hyderabad/distillspec-pipeline/runs/1heslnth,5,Qwen/Qwen3-8B
2026-07-06T05:08:25,/sensei-fs-3/users/rkrishna//checkpoints/jsd_mathhard_s123/ckpt_best,math_eval,specinfer_dL5,4,8,100,0,2330,5.650644,11.9370,473.372,83.773,11.1339,13166,1102.96,945.987,113.771,2.118,31.520,0.038,34.1,13.4,68067,17112,79473,,,9.1,16767.6,17720.0,cuda:0,123,bf16,48,NVIDIA A100-SXM4-80GB,1,79.2,580.126.09,96,48,1121.8,Linux-6.12.68-92.122.amzn2023.x86_64-x86_64-with-glibc2.39,sdpa+flash_attention_2 (flash_attn-2.8.3.post1),https://wandb.ai/rmukund16-indian-institute-of-technology-hyderabad/distillspec-pipeline/runs/1heslnth,5,Qwen/Qwen3-8B
2026-07-06T05:26:12,/sensei-fs-3/users/rkrishna//checkpoints/jsd_mathhard_s123/ckpt_best,olympiad_eval,naive,1,8,100,0,2347,5.582020,12.8165,435.533,78.024,9.0000,13101,1022.20,864.613,114.282,1.364,32.652,0.045,34.5,13.8,68067,18572,80893,,,9.1,16767.6,17094.0,cuda:0,123,bf16,48,NVIDIA A100-SXM4-80GB,1,79.2,580.126.09,96,48,1121.8,Linux-6.12.68-92.122.amzn2023.x86_64-x86_64-with-glibc2.39,sdpa+flash_attention_2 (flash_attn-2.8.3.post1),https://wandb.ai/rmukund16-indian-institute-of-technology-hyderabad/distillspec-pipeline/runs/1heslnth,0,Qwen/Qwen3-8B
2026-07-06T05:50:08,/sensei-fs-3/users/rkrishna//checkpoints/jsd_mathhard_s123/ckpt_best,olympiad_eval,nss,1,8,100,0,3205,4.065523,9.4089,432.094,106.282,9.0000,13030,1384.86,1173.382,155.226,2.274,44.621,0.040,34.0,13.4,68067,17421,79048,,,9.2,16767.6,17094.0,cuda:0,123,bf16,48,NVIDIA A100-SXM4-80GB,1,79.2,580.126.09,96,48,1121.8,Linux-6.12.68-92.122.amzn2023.x86_64-x86_64-with-glibc2.39,sdpa+flash_attention_2 (flash_attn-2.8.3.post1),https://wandb.ai/rmukund16-indian-institute-of-technology-hyderabad/distillspec-pipeline/runs/1heslnth,0,Qwen/Qwen3-8B
2026-07-06T06:07:47,/sensei-fs-3/users/rkrishna//checkpoints/jsd_mathhard_s123/ckpt_best,olympiad_eval,specinfer,1,8,100,0,2356,5.578098,12.7787,436.516,78.255,9.0000,13142,1028.43,869.762,114.952,1.504,32.976,0.040,33.3,13.1,68067,17570,76890,,,9.1,16767.6,17094.0,cuda:0,123,bf16,48,NVIDIA A100-SXM4-80GB,1,79.2,580.126.09,96,48,1121.8,Linux-6.12.68-92.122.amzn2023.x86_64-x86_64-with-glibc2.39,sdpa+flash_attention_2 (flash_attn-2.8.3.post1),https://wandb.ai/rmukund16-indian-institute-of-technology-hyderabad/distillspec-pipeline/runs/1heslnth,0,Qwen/Qwen3-8B
2026-07-06T06:25:19,/sensei-fs-3/users/rkrishna//checkpoints/jsd_mathhard_s123/ckpt_best,olympiad_eval,spectr,1,8,100,0,2347,5.582020,12.7918,436.374,78.175,9.0000,13101,1024.17,866.250,114.557,1.380,32.743,0.040,32.7,12.6,68067,17904,78727,,,9.2,16767.6,17094.0,cuda:0,123,bf16,48,NVIDIA A100-SXM4-80GB,1,79.2,580.126.09,96,48,1121.8,Linux-6.12.68-92.122.amzn2023.x86_64-x86_64-with-glibc2.39,sdpa+flash_attention_2 (flash_attn-2.8.3.post1),https://wandb.ai/rmukund16-indian-institute-of-technology-hyderabad/distillspec-pipeline/runs/1heslnth,0,Qwen/Qwen3-8B
2026-07-06T06:43:00,/sensei-fs-3/users/rkrishna//checkpoints/jsd_mathhard_s123/ckpt_best,olympiad_eval,khisti,1,8,100,0,2347,5.582020,12.6849,440.054,78.834,9.0000,13101,1032.81,873.892,115.428,1.384,32.780,0.040,33.3,13.0,68067,17829,78977,,,9.2,16767.6,17094.0,cuda:0,123,bf16,48,NVIDIA A100-SXM4-80GB,1,79.2,580.126.09,96,48,1121.8,Linux-6.12.68-92.122.amzn2023.x86_64-x86_64-with-glibc2.39,sdpa+flash_attention_2 (flash_attn-2.8.3.post1),https://wandb.ai/rmukund16-indian-institute-of-technology-hyderabad/distillspec-pipeline/runs/1heslnth,0,Qwen/Qwen3-8B
2026-07-06T07:01:48,/sensei-fs-3/users/rkrishna//checkpoints/jsd_mathhard_s123/ckpt_best,olympiad_eval,max,1,8,100,0,2347,5.582020,11.9119,468.608,83.950,9.0000,13101,1099.82,930.893,123.412,1.445,34.160,0.043,34.6,14.1,68091,17524,79666,,,9.2,16767.6,17094.0,cuda:0,123,bf16,48,NVIDIA A100-SXM4-80GB,1,79.2,580.126.09,96,48,1121.8,Linux-6.12.68-92.122.amzn2023.x86_64-x86_64-with-glibc2.39,sdpa+flash_attention_2 (flash_attn-2.8.3.post1),https://wandb.ai/rmukund16-indian-institute-of-technology-hyderabad/distillspec-pipeline/runs/1heslnth,0,Qwen/Qwen3-8B
2026-07-06T07:18:57,/sensei-fs-3/users/rkrishna//checkpoints/jsd_mathhard_s123/ckpt_best,olympiad_eval,bv,1,8,100,0,2154,6.109099,13.1054,466.152,76.305,9.0000,13159,1004.09,846.665,112.412,3.908,31.312,0.044,34.3,13.7,68125,17637,79099,,,9.2,16767.6,17094.0,cuda:0,123,bf16,48,NVIDIA A100-SXM4-80GB,1,79.2,580.126.09,96,48,1121.8,Linux-6.12.68-92.122.amzn2023.x86_64-x86_64-with-glibc2.39,sdpa+flash_attention_2 (flash_attn-2.8.3.post1),https://wandb.ai/rmukund16-indian-institute-of-technology-hyderabad/distillspec-pipeline/runs/1heslnth,0,Qwen/Qwen3-8B
2026-07-06T07:35:04,/sensei-fs-3/users/rkrishna//checkpoints/jsd_mathhard_s123/ckpt_best,olympiad_eval,gbv,1,8,100,0,2154,6.109099,13.9914,436.633,71.473,9.0000,13159,940.51,788.284,104.559,8.670,29.811,0.043,33.3,13.0,68125,17105,78093,,,9.2,16774.6,17112.0,cuda:0,123,bf16,48,NVIDIA A100-SXM4-80GB,1,79.2,580.126.09,96,48,1121.8,Linux-6.12.68-92.122.amzn2023.x86_64-x86_64-with-glibc2.39,sdpa+flash_attention_2 (flash_attn-2.8.3.post1),https://wandb.ai/rmukund16-indian-institute-of-technology-hyderabad/distillspec-pipeline/runs/1heslnth,0,Qwen/Qwen3-8B
2026-07-06T07:51:42,/sensei-fs-3/users/rkrishna//checkpoints/jsd_mathhard_s123/ckpt_best,olympiad_eval,traversal,1,8,100,0,2239,5.847253,13.4962,433.251,74.095,9.0000,13092,970.05,818.800,108.268,2.692,31.125,0.042,34.8,13.2,68135,25124,164793,,,9.2,16767.6,17112.0,cuda:0,123,bf16,48,NVIDIA A100-SXM4-80GB,1,79.2,580.126.09,96,48,1121.8,Linux-6.12.68-92.122.amzn2023.x86_64-x86_64-with-glibc2.39,sdpa+flash_attention_2 (flash_attn-2.8.3.post1),https://wandb.ai/rmukund16-indian-institute-of-technology-hyderabad/distillspec-pipeline/runs/1heslnth,0,Qwen/Qwen3-8B
2026-07-06T08:06:48,/sensei-fs-3/users/rkrishna//checkpoints/jsd_mathhard_s123/ckpt_best,olympiad_eval,traversal_dAdapt,1,8,100,0,2218,5.928314,15.2843,387.870,65.427,9.0000,13149,860.30,712.871,105.666,2.550,30.341,0.048,37.3,15.1,68043,18889,87768,,,9.2,16767.6,17090.0,cuda:0,123,bf16,48,NVIDIA A100-SXM4-80GB,1,79.2,580.126.09,96,48,1121.8,Linux-6.12.68-92.122.amzn2023.x86_64-x86_64-with-glibc2.39,sdpa (flash_attn-2.8.3.post1),https://wandb.ai/rmukund16-indian-institute-of-technology-hyderabad/distillspec-pipeline/runs/1heslnth,0,Qwen/Qwen3-8B
2026-07-06T08:22:53,/sensei-fs-3/users/rkrishna//checkpoints/jsd_mathhard_s123/ckpt_best,olympiad_eval,specinfer_dAdapt,1,8,100,0,2384,5.506711,13.9806,393.881,71.527,9.0000,13128,939.01,779.884,115.742,1.495,33.133,0.044,34.7,13.6,68045,25513,155520,,,9.2,16767.6,17092.0,cuda:0,123,bf16,48,NVIDIA A100-SXM4-80GB,1,79.2,580.126.09,96,48,1121.8,Linux-6.12.68-92.122.amzn2023.x86_64-x86_64-with-glibc2.39,sdpa (flash_attn-2.8.3.post1),https://wandb.ai/rmukund16-indian-institute-of-technology-hyderabad/distillspec-pipeline/runs/1heslnth,0,Qwen/Qwen3-8B
2026-07-06T08:38:08,/sensei-fs-3/users/rkrishna//checkpoints/jsd_mathhard_s123/ckpt_best,olympiad_eval,traversal_dL3,1,8,100,0,2218,5.928314,15.1042,392.495,66.207,9.0000,13149,870.55,723.358,105.337,2.562,30.741,0.044,37.2,14.9,68043,18963,85631,,,9.2,16767.6,17094.0,cuda:0,123,bf16,48,NVIDIA A100-SXM4-80GB,1,79.2,580.126.09,96,48,1121.8,Linux-6.12.68-92.122.amzn2023.x86_64-x86_64-with-glibc2.39,sdpa (flash_attn-2.8.3.post1),https://wandb.ai/rmukund16-indian-institute-of-technology-hyderabad/distillspec-pipeline/runs/1heslnth,3,Qwen/Qwen3-8B
2026-07-06T08:53:56,/sensei-fs-3/users/rkrishna//checkpoints/jsd_mathhard_s123/ckpt_best,olympiad_eval,specinfer_dL3,1,8,100,0,2384,5.506711,14.2593,386.184,70.130,9.0000,13128,920.66,766.139,111.874,1.414,32.790,0.041,37.5,15.0,68045,18778,88436,,,9.2,16767.6,17094.0,cuda:0,123,bf16,48,NVIDIA A100-SXM4-80GB,1,79.2,580.126.09,96,48,1121.8,Linux-6.12.68-92.122.amzn2023.x86_64-x86_64-with-glibc2.39,sdpa (flash_attn-2.8.3.post1),https://wandb.ai/rmukund16-indian-institute-of-technology-hyderabad/distillspec-pipeline/runs/1heslnth,3,Qwen/Qwen3-8B
2026-07-06T09:09:14,/sensei-fs-3/users/rkrishna//checkpoints/jsd_mathhard_s123/ckpt_best,olympiad_eval,traversal_dL4,1,8,100,0,2218,5.928314,15.0420,394.118,66.481,9.0000,13149,874.15,726.394,105.713,2.594,30.836,0.044,36.8,14.5,68045,27415,164779,,,9.2,16767.6,17094.0,cuda:0,123,bf16,48,NVIDIA A100-SXM4-80GB,1,79.2,580.126.09,96,48,1121.8,Linux-6.12.68-92.122.amzn2023.x86_64-x86_64-with-glibc2.39,sdpa (flash_attn-2.8.3.post1),https://wandb.ai/rmukund16-indian-institute-of-technology-hyderabad/distillspec-pipeline/runs/1heslnth,4,Qwen/Qwen3-8B
2026-07-06T09:25:28,/sensei-fs-3/users/rkrishna//checkpoints/jsd_mathhard_s123/ckpt_best,olympiad_eval,specinfer_dL4,1,8,100,0,2384,5.506711,13.8743,396.899,72.076,9.0000,13128,946.21,788.007,114.726,1.479,33.302,0.040,37.4,15.3,68045,19043,90932,,,9.1,16767.6,17094.0,cuda:0,123,bf16,48,NVIDIA A100-SXM4-80GB,1,79.2,580.126.09,96,48,1121.8,Linux-6.12.68-92.122.amzn2023.x86_64-x86_64-with-glibc2.39,sdpa (flash_attn-2.8.3.post1),https://wandb.ai/rmukund16-indian-institute-of-technology-hyderabad/distillspec-pipeline/runs/1heslnth,4,Qwen/Qwen3-8B
2026-07-06T09:42:10,/sensei-fs-3/users/rkrishna//checkpoints/jsd_mathhard_s123/ckpt_best,olympiad_eval,traversal_dL5,1,8,100,0,2218,5.928314,13.7412,431.428,72.774,9.0000,13149,956.91,796.380,116.173,2.763,32.181,0.050,34.8,13.5,68045,25257,155689,,,9.2,16767.6,17088.0,cuda:0,123,bf16,48,NVIDIA A100-SXM4-80GB,1,79.2,580.126.09,96,48,1121.8,Linux-6.12.68-92.122.amzn2023.x86_64-x86_64-with-glibc2.39,sdpa (flash_attn-2.8.3.post1),https://wandb.ai/rmukund16-indian-institute-of-technology-hyderabad/distillspec-pipeline/runs/1heslnth,5,Qwen/Qwen3-8B
2026-07-06T09:58:48,/sensei-fs-3/users/rkrishna//checkpoints/jsd_mathhard_s123/ckpt_best,olympiad_eval,specinfer_dL5,1,8,100,0,2384,5.506711,13.6398,403.724,73.315,9.0000,13128,962.48,801.490,117.370,1.485,33.281,0.045,34.9,14.0,68041,17005,87146,,,9.2,16767.6,17090.0,cuda:0,123,bf16,48,NVIDIA A100-SXM4-80GB,1,79.2,580.126.09,96,48,1121.8,Linux-6.12.68-92.122.amzn2023.x86_64-x86_64-with-glibc2.39,sdpa (flash_attn-2.8.3.post1),https://wandb.ai/rmukund16-indian-institute-of-technology-hyderabad/distillspec-pipeline/runs/1heslnth,5,Qwen/Qwen3-8B
2026-07-06T10:12:26,/sensei-fs-3/users/rkrishna//checkpoints/jsd_mathhard_s123/ckpt_best,olympiad_eval,naive,2,8,100,0,2263,5.810429,16.9620,342.556,58.955,13.2899,13149,775.20,632.890,102.861,1.280,30.332,0.043,36.7,14.5,68041,28490,187537,,,9.2,16767.6,17184.0,cuda:0,123,bf16,48,NVIDIA A100-SXM4-80GB,1,79.2,580.126.09,96,48,1121.8,Linux-6.12.68-92.122.amzn2023.x86_64-x86_64-with-glibc2.39,sdpa (flash_attn-2.8.3.post1),https://wandb.ai/rmukund16-indian-institute-of-technology-hyderabad/distillspec-pipeline/runs/1heslnth,0,Qwen/Qwen3-8B
2026-07-06T10:33:28,/sensei-fs-3/users/rkrishna//checkpoints/jsd_mathhard_s123/ckpt_best,olympiad_eval,nss,2,8,100,0,3518,3.713474,10.5937,350.537,94.396,14.0674,13064,1233.19,1009.922,164.927,2.215,47.819,0.041,39.0,15.7,68157,18231,87919,,,9.2,16767.6,17186.0,cuda:0,123,bf16,48,NVIDIA A100-SXM4-80GB,1,79.2,580.126.09,96,48,1121.8,Linux-6.12.68-92.122.amzn2023.x86_64-x86_64-with-glibc2.39,sdpa (flash_attn-2.8.3.post1),https://wandb.ai/rmukund16-indian-institute-of-technology-hyderabad/distillspec-pipeline/runs/1heslnth,0,Qwen/Qwen3-8B
2026-07-06T10:50:11,/sensei-fs-3/users/rkrishna//checkpoints/jsd_mathhard_s123/ckpt_best,olympiad_eval,specinfer,2,8,100,0,2780,4.702518,13.4287,350.184,74.467,13.8374,13073,973.51,795.850,129.894,1.875,37.775,0.042,37.8,15.0,68157,19016,86703,,,9.2,16767.6,17186.0,cuda:0,123,bf16,48,NVIDIA A100-SXM4-80GB,1,79.2,580.126.09,96,48,1121.8,Linux-6.12.68-92.122.amzn2023.x86_64-x86_64-with-glibc2.39,sdpa (flash_attn-2.8.3.post1),https://wandb.ai/rmukund16-indian-institute-of-technology-hyderabad/distillspec-pipeline/runs/1heslnth,0,Qwen/Qwen3-8B
2026-07-06T11:04:46,/sensei-fs-3/users/rkrishna//checkpoints/jsd_mathhard_s123/ckpt_best,olympiad_eval,spectr,2,8,100,0,2457,5.323158,15.5033,343.357,64.502,13.5682,13079,843.63,683.492,111.149,8.297,32.906,0.038,36.2,14.5,68157,18474,81801,,,9.2,16767.6,17186.0,cuda:0,123,bf16,48,NVIDIA A100-SXM4-80GB,1,79.2,580.126.09,96,48,1121.8,Linux-6.12.68-92.122.amzn2023.x86_64-x86_64-with-glibc2.39,sdpa (flash_attn-2.8.3.post1),https://wandb.ai/rmukund16-indian-institute-of-technology-hyderabad/distillspec-pipeline/runs/1heslnth,0,Qwen/Qwen3-8B
2026-07-06T11:21:03,/sensei-fs-3/users/rkrishna//checkpoints/jsd_mathhard_s123/ckpt_best,olympiad_eval,khisti,2,8,100,0,2712,4.823746,13.7160,351.689,72.908,13.8304,13082,953.78,759.313,123.644,26.170,36.700,0.038,33.6,13.2,68157,17323,77814,,,9.1,16767.6,17186.0,cuda:0,123,bf16,48,NVIDIA A100-SXM4-80GB,1,79.2,580.126.09,96,48,1121.8,Linux-6.12.68-92.122.amzn2023.x86_64-x86_64-with-glibc2.39,sdpa (flash_attn-2.8.3.post1),https://wandb.ai/rmukund16-indian-institute-of-technology-hyderabad/distillspec-pipeline/runs/1heslnth,0,Qwen/Qwen3-8B
2026-07-06T11:39:37,/sensei-fs-3/users/rkrishna//checkpoints/jsd_mathhard_s123/ckpt_best,olympiad_eval,max,2,8,100,0,2608,5.036043,12.1066,415.975,82.600,13.7324,13134,1084.86,842.163,136.673,58.508,38.503,0.039,38.3,15.2,68197,18826,87750,,,9.2,16767.6,17186.0,cuda:0,123,bf16,48,NVIDIA A100-SXM4-80GB,1,79.2,580.126.09,96,48,1121.8,Linux-6.12.68-92.122.amzn2023.x86_64-x86_64-with-glibc2.39,sdpa (flash_attn-2.8.3.post1),https://wandb.ai/rmukund16-indian-institute-of-technology-hyderabad/distillspec-pipeline/runs/1heslnth,0,Qwen/Qwen3-8B
2026-07-06T11:53:12,/sensei-fs-3/users/rkrishna//checkpoints/jsd_mathhard_s123/ckpt_best,olympiad_eval,bv,2,8,100,0,2235,5.862192,16.5817,353.533,60.307,13.1714,13102,790.15,643.315,104.575,3.625,30.595,0.039,37.1,14.7,68199,18578,83492,,,9.1,16767.6,17186.0,cuda:0,123,bf16,48,NVIDIA A100-SXM4-80GB,1,79.2,580.126.09,96,48,1121.8,Linux-6.12.68-92.122.amzn2023.x86_64-x86_64-with-glibc2.39,sdpa (flash_attn-2.8.3.post1),https://wandb.ai/rmukund16-indian-institute-of-technology-hyderabad/distillspec-pipeline/runs/1heslnth,0,Qwen/Qwen3-8B
2026-07-06T12:08:56,/sensei-fs-3/users/rkrishna//checkpoints/jsd_mathhard_s123/ckpt_best,olympiad_eval,gbv,2,8,100,0,2618,5.011841,14.2783,351.011,70.036,13.8625,13121,918.95,736.221,120.402,18.913,35.442,0.040,31.5,12.4,68199,16399,72134,,,9.1,16807.2,17250.0,cuda:0,123,bf16,48,NVIDIA A100-SXM4-80GB,1,79.2,580.126.09,96,48,1121.8,Linux-6.12.68-92.122.amzn2023.x86_64-x86_64-with-glibc2.39,sdpa (flash_attn-2.8.3.post1),https://wandb.ai/rmukund16-indian-institute-of-technology-hyderabad/distillspec-pipeline/runs/1heslnth,0,Qwen/Qwen3-8B
2026-07-06T12:22:21,/sensei-fs-3/users/rkrishna//checkpoints/jsd_mathhard_s123/ckpt_best,olympiad_eval,traversal,2,8,100,0,2247,5.830441,16.7173,348.768,59.818,13.4077,13101,783.68,637.492,104.090,3.824,30.298,0.040,37.4,14.6,68199,17713,88485,,,9.1,16788.6,17250.0,cuda:0,123,bf16,48,NVIDIA A100-SXM4-80GB,1,79.2,580.126.09,96,48,1121.8,Linux-6.12.68-92.122.amzn2023.x86_64-x86_64-with-glibc2.39,sdpa (flash_attn-2.8.3.post1),https://wandb.ai/rmukund16-indian-institute-of-technology-hyderabad/distillspec-pipeline/runs/1heslnth,0,Qwen/Qwen3-8B
2026-07-06T12:37:30,/sensei-fs-3/users/rkrishna//checkpoints/jsd_mathhard_s123/ckpt_best,olympiad_eval,traversal_dAdapt,2,8,100,0,2279,5.756033,15.1108,380.923,66.178,10.8741,13118,868.12,720.519,105.196,3.322,30.799,0.041,37.0,14.2,68199,17952,88044,,,9.1,16767.6,17164.0,cuda:0,123,bf16,48,NVIDIA A100-SXM4-80GB,1,79.2,580.126.09,96,48,1121.8,Linux-6.12.68-92.122.amzn2023.x86_64-x86_64-with-glibc2.39,sdpa (flash_attn-2.8.3.post1),https://wandb.ai/rmukund16-indian-institute-of-technology-hyderabad/distillspec-pipeline/runs/1heslnth,0,Qwen/Qwen3-8B
2026-07-06T12:54:09,/sensei-fs-3/users/rkrishna//checkpoints/jsd_mathhard_s123/ckpt_best,olympiad_eval,specinfer_dAdapt,2,8,100,0,2496,5.255208,13.5857,386.820,73.607,11.1959,13117,965.50,802.625,118.632,1.720,33.979,0.042,38.8,15.5,68199,19139,89878,,,9.2,16767.6,17164.0,cuda:0,123,bf16,48,NVIDIA A100-SXM4-80GB,1,79.2,580.126.09,96,48,1121.8,Linux-6.12.68-92.122.amzn2023.x86_64-x86_64-with-glibc2.39,sdpa (flash_attn-2.8.3.post1),https://wandb.ai/rmukund16-indian-institute-of-technology-hyderabad/distillspec-pipeline/runs/1heslnth,0,Qwen/Qwen3-8B
2026-07-06T13:10:05,/sensei-fs-3/users/rkrishna//checkpoints/jsd_mathhard_s123/ckpt_best,olympiad_eval,traversal_dL3,2,8,100,0,2310,5.678788,14.4851,392.043,69.036,11.1758,13118,905.62,753.021,108.858,3.595,31.722,0.044,38.4,15.0,68277,19361,87007,,,9.1,16767.6,17164.0,cuda:0,123,bf16,48,NVIDIA A100-SXM4-80GB,1,79.2,580.126.09,96,48,1121.8,Linux-6.12.68-92.122.amzn2023.x86_64-x86_64-with-glibc2.39,sdpa (flash_attn-2.8.3.post1),https://wandb.ai/rmukund16-indian-institute-of-technology-hyderabad/distillspec-pipeline/runs/1heslnth,3,Qwen/Qwen3-8B
2026-07-06T13:26:29,/sensei-fs-3/users/rkrishna//checkpoints/jsd_mathhard_s123/ckpt_best,olympiad_eval,specinfer_dL3,2,8,100,0,2528,5.185918,13.8164,375.345,72.378,11.1760,13110,948.87,790.589,114.359,1.644,34.156,0.039,36.7,14.6,68313,17947,83962,,,9.2,16767.6,17164.0,cuda:0,123,bf16,48,NVIDIA A100-SXM4-80GB,1,79.2,580.126.09,96,48,1121.8,Linux-6.12.68-92.122.amzn2023.x86_64-x86_64-with-glibc2.39,sdpa (flash_attn-2.8.3.post1),https://wandb.ai/rmukund16-indian-institute-of-technology-hyderabad/distillspec-pipeline/runs/1heslnth,3,Qwen/Qwen3-8B
2026-07-06T13:41:52,/sensei-fs-3/users/rkrishna//checkpoints/jsd_mathhard_s123/ckpt_best,olympiad_eval,traversal_dL4,2,8,100,0,2300,5.707391,15.0890,378.249,66.274,10.4543,13127,869.97,723.547,104.322,3.169,30.771,0.043,36.0,13.9,68319,26785,156014,,,9.2,16767.6,17162.0,cuda:0,123,bf16,48,NVIDIA A100-SXM4-80GB,1,79.2,580.126.09,96,48,1121.8,Linux-6.12.68-92.122.amzn2023.x86_64-x86_64-with-glibc2.39,sdpa (flash_attn-2.8.3.post1),https://wandb.ai/rmukund16-indian-institute-of-technology-hyderabad/distillspec-pipeline/runs/1heslnth,4,Qwen/Qwen3-8B
2026-07-06T13:57:48,/sensei-fs-3/users/rkrishna//checkpoints/jsd_mathhard_s123/ckpt_best,olympiad_eval,specinfer_dL4,2,8,100,0,2428,5.388386,14.1142,381.771,70.851,10.5597,13083,926.94,772.945,111.578,1.609,32.575,0.039,37.1,14.8,68185,18881,83612,,,9.1,16767.6,17182.0,cuda:0,123,bf16,48,NVIDIA A100-SXM4-80GB,1,79.2,580.126.09,96,48,1121.8,Linux-6.12.68-92.122.amzn2023.x86_64-x86_64-with-glibc2.39,sdpa (flash_attn-2.8.3.post1),https://wandb.ai/rmukund16-indian-institute-of-technology-hyderabad/distillspec-pipeline/runs/1heslnth,4,Qwen/Qwen3-8B
2026-07-06T14:12:39,/sensei-fs-3/users/rkrishna//checkpoints/jsd_mathhard_s123/ckpt_best,olympiad_eval,traversal_dL5,2,8,100,0,2140,6.121963,15.4829,395.400,64.587,9.8841,13101,846.16,703.279,101.786,2.781,29.748,0.045,33.5,13.3,68185,16437,80226,,,9.1,16767.6,17162.0,cuda:0,123,bf16,48,NVIDIA A100-SXM4-80GB,1,79.2,580.126.09,96,48,1121.8,Linux-6.12.68-92.122.amzn2023.x86_64-x86_64-with-glibc2.39,sdpa (flash_attn-2.8.3.post1),https://wandb.ai/rmukund16-indian-institute-of-technology-hyderabad/distillspec-pipeline/runs/1heslnth,5,Qwen/Qwen3-8B
2026-07-06T14:28:03,/sensei-fs-3/users/rkrishna//checkpoints/jsd_mathhard_s123/ckpt_best,olympiad_eval,specinfer_dL5,2,8,100,0,2392,5.474916,14.5647,375.904,68.659,9.9703,13096,899.16,748.195,108.996,1.605,32.190,0.042,35.0,13.5,68185,24553,162750,,,9.2,16767.6,17162.0,cuda:0,123,bf16,48,NVIDIA A100-SXM4-80GB,1,79.2,580.126.09,96,48,1121.8,Linux-6.12.68-92.122.amzn2023.x86_64-x86_64-with-glibc2.39,sdpa (flash_attn-2.8.3.post1),https://wandb.ai/rmukund16-indian-institute-of-technology-hyderabad/distillspec-pipeline/runs/1heslnth,5,Qwen/Qwen3-8B
2026-07-06T14:42:32,/sensei-fs-3/users/rkrishna//checkpoints/jsd_mathhard_s123/ckpt_best,olympiad_eval,naive,3,8,100,0,2340,5.608974,15.7677,355.726,63.421,17.2483,13125,832.40,679.172,111.718,1.449,31.874,0.045,35.1,13.9,68163,17187,80857,,,9.1,16767.6,17222.0,cuda:0,123,bf16,48,NVIDIA A100-SXM4-80GB,1,79.2,580.126.09,96,48,1121.8,Linux-6.12.68-92.122.amzn2023.x86_64-x86_64-with-glibc2.39,sdpa (flash_attn-2.8.3.post1),https://wandb.ai/rmukund16-indian-institute-of-technology-hyderabad/distillspec-pipeline/runs/1heslnth,0,Qwen/Qwen3-8B
2026-07-06T15:03:59,/sensei-fs-3/users/rkrishna//checkpoints/jsd_mathhard_s123/ckpt_best,olympiad_eval,nss,3,8,100,0,3684,3.543160,10.3656,341.820,96.473,18.6957,13053,1259.26,1028.619,170.891,2.235,49.339,0.044,36.0,14.2,68163,23568,143596,,,9.2,16767.6,17244.0,cuda:0,123,bf16,48,NVIDIA A100-SXM4-80GB,1,79.2,580.126.09,96,48,1121.8,Linux-6.12.68-92.122.amzn2023.x86_64-x86_64-with-glibc2.39,sdpa (flash_attn-2.8.3.post1),https://wandb.ai/rmukund16-indian-institute-of-technology-hyderabad/distillspec-pipeline/runs/1heslnth,0,Qwen/Qwen3-8B
2026-07-06T15:22:05,/sensei-fs-3/users/rkrishna//checkpoints/jsd_mathhard_s123/ckpt_best,olympiad_eval,specinfer,3,8,100,0,3084,4.239624,12.3904,342.171,80.708,18.8907,13075,1055.25,860.359,143.124,2.316,41.422,0.044,38.4,15.5,68159,18999,87469,,,9.2,16767.6,17244.0,cuda:0,123,bf16,48,NVIDIA A100-SXM4-80GB,1,79.2,580.126.09,96,48,1121.8,Linux-6.12.68-92.122.amzn2023.x86_64-x86_64-with-glibc2.39,sdpa (flash_attn-2.8.3.post1),https://wandb.ai/rmukund16-indian-institute-of-technology-hyderabad/distillspec-pipeline/runs/1heslnth,0,Qwen/Qwen3-8B
2026-07-06T15:38:54,/sensei-fs-3/users/rkrishna//checkpoints/jsd_mathhard_s123/ckpt_best,olympiad_eval,spectr,3,8,100,0,2544,5.156840,13.3078,387.505,75.144,17.9560,13119,985.81,797.899,131.949,10.463,36.688,0.043,37.0,14.7,68165,25452,151302,,,9.2,16767.6,17244.0,cuda:0,123,bf16,48,NVIDIA A100-SXM4-80GB,1,79.2,580.126.09,96,48,1121.8,Linux-6.12.68-92.122.amzn2023.x86_64-x86_64-with-glibc2.39,sdpa (flash_attn-2.8.3.post1),https://wandb.ai/rmukund16-indian-institute-of-technology-hyderabad/distillspec-pipeline/runs/1heslnth,0,Qwen/Qwen3-8B
2026-07-06T15:59:16,/sensei-fs-3/users/rkrishna//checkpoints/jsd_mathhard_s123/ckpt_best,olympiad_eval,khisti,3,8,100,0,2984,4.371984,11.1108,393.489,90.002,18.7225,13046,1174.17,920.254,152.317,50.344,42.422,0.042,36.7,14.9,68181,18214,86048,,,9.2,16767.6,17244.0,cuda:0,123,bf16,48,NVIDIA A100-SXM4-80GB,1,79.2,580.126.09,96,48,1121.8,Linux-6.12.68-92.122.amzn2023.x86_64-x86_64-with-glibc2.39,sdpa (flash_attn-2.8.3.post1),https://wandb.ai/rmukund16-indian-institute-of-technology-hyderabad/distillspec-pipeline/runs/1heslnth,0,Qwen/Qwen3-8B
2026-07-06T16:17:20,/sensei-fs-3/users/rkrishna//checkpoints/jsd_mathhard_s123/ckpt_best,olympiad_eval,max,3,8,100,0,2815,4.641208,12.3722,375.133,80.827,18.4202,13065,1056.00,792.737,131.489,85.725,37.971,0.042,36.5,14.9,68181,26132,156505,,,9.2,16767.6,17244.0,cuda:0,123,bf16,48,NVIDIA A100-SXM4-80GB,1,79.2,580.126.09,96,48,1121.8,Linux-6.12.68-92.122.amzn2023.x86_64-x86_64-with-glibc2.39,sdpa (flash_attn-2.8.3.post1),https://wandb.ai/rmukund16-indian-institute-of-technology-hyderabad/distillspec-pipeline/runs/1heslnth,0,Qwen/Qwen3-8B
2026-07-06T16:30:51,/sensei-fs-3/users/rkrishna//checkpoints/jsd_mathhard_s123/ckpt_best,olympiad_eval,bv,3,8,100,0,2285,5.719475,16.5427,345.741,60.450,16.9344,13069,790.02,641.815,106.174,3.659,30.491,0.043,37.0,15.5,67445,19530,86267,,,9.2,16767.6,17244.0,cuda:0,123,bf16,48,NVIDIA A100-SXM4-80GB,1,79.2,580.126.09,96,48,1121.8,Linux-6.12.68-92.122.amzn2023.x86_64-x86_64-with-glibc2.39,sdpa (flash_attn-2.8.3.post1),https://wandb.ai/rmukund16-indian-institute-of-technology-hyderabad/distillspec-pipeline/runs/1heslnth,0,Qwen/Qwen3-8B
2026-07-07T02:15:11,/sensei-fs-3/users/rkrishna//checkpoints/jsd_mathhard_s123/ckpt_best,olympiad_eval,gbv,3,8,100,0,2789,4.669057,12.9895,359.447,76.985,18.3048,13022,1002.50,801.337,133.088,22.112,37.687,0.042,36.6,15.4,67451,17126,84908,,,8.1,16802.5,17292.0,cuda:0,123,bf16,48,NVIDIA A100-SXM4-80GB,1,79.2,580.126.09,96,48,1121.8,Linux-6.12.68-92.122.amzn2023.x86_64-x86_64-with-glibc2.39,sdpa (flash_attn-2.8.3.post1),https://wandb.ai/rmukund16-indian-institute-of-technology-hyderabad/distillspec-pipeline/runs/1heslnth,0,Qwen/Qwen3-8B
2026-07-07T02:29:24,/sensei-fs-3/users/rkrishna//checkpoints/jsd_mathhard_s123/ckpt_best,olympiad_eval,traversal,3,8,100,0,2327,5.659218,15.9480,354.855,62.704,17.4207,13169,825.75,669.863,111.005,5.367,31.388,0.046,36.8,15.5,67451,18382,84543,,,8.1,16793.2,17292.0,cuda:0,123,bf16,48,NVIDIA A100-SXM4-80GB,1,79.2,580.126.09,96,48,1121.8,Linux-6.12.68-92.122.amzn2023.x86_64-x86_64-with-glibc2.39,sdpa (flash_attn-2.8.3.post1),https://wandb.ai/rmukund16-indian-institute-of-technology-hyderabad/distillspec-pipeline/runs/1heslnth,0,Qwen/Qwen3-8B
2026-07-07T02:44:36,/sensei-fs-3/users/rkrishna//checkpoints/jsd_mathhard_s123/ckpt_best,olympiad_eval,traversal_dAdapt,3,8,100,0,2314,5.679775,15.1775,374.224,65.887,12.5164,13143,865.95,717.468,105.437,3.890,30.992,0.043,36.9,15.6,67451,17594,83662,,,8.1,16767.6,17224.0,cuda:0,123,bf16,48,NVIDIA A100-SXM4-80GB,1,79.2,580.126.09,96,48,1121.8,Linux-6.12.68-92.122.amzn2023.x86_64-x86_64-with-glibc2.39,sdpa (flash_attn-2.8.3.post1),https://wandb.ai/rmukund16-indian-institute-of-technology-hyderabad/distillspec-pipeline/runs/1heslnth,0,Qwen/Qwen3-8B
2026-07-07T03:01:33,/sensei-fs-3/users/rkrishna//checkpoints/jsd_mathhard_s123/ckpt_best,olympiad_eval,specinfer_dAdapt,3,8,100,0,2668,4.907421,13.2918,369.208,75.235,13.6690,13093,985.05,817.680,121.607,1.943,35.613,0.038,36.5,15.4,67451,18540,82308,,,8.1,16767.6,17224.0,cuda:0,123,bf16,48,NVIDIA A100-SXM4-80GB,1,79.2,580.126.09,96,48,1121.8,Linux-6.12.68-92.122.amzn2023.x86_64-x86_64-with-glibc2.39,sdpa (flash_attn-2.8.3.post1),https://wandb.ai/rmukund16-indian-institute-of-technology-hyderabad/distillspec-pipeline/runs/1heslnth,0,Qwen/Qwen3-8B
2026-07-07T03:16:39,/sensei-fs-3/users/rkrishna//checkpoints/jsd_mathhard_s123/ckpt_best,olympiad_eval,traversal_dL3,3,8,100,0,2252,5.840142,15.2752,382.329,65.466,12.6230,13152,861.00,715.541,103.414,3.790,30.034,0.044,36.8,15.6,67451,17942,84792,,,8.2,16767.6,17220.0,cuda:0,123,bf16,48,NVIDIA A100-SXM4-80GB,1,79.2,580.126.09,96,48,1121.8,Linux-6.12.68-92.122.amzn2023.x86_64-x86_64-with-glibc2.39,sdpa (flash_attn-2.8.3.post1),https://wandb.ai/rmukund16-indian-institute-of-technology-hyderabad/distillspec-pipeline/runs/1heslnth,3,Qwen/Qwen3-8B
2026-07-07T03:32:59,/sensei-fs-3/users/rkrishna//checkpoints/jsd_mathhard_s123/ckpt_best,olympiad_eval,specinfer_dL3,3,8,100,0,2465,5.330223,13.9149,383.060,71.866,12.7712,13139,944.24,787.413,113.852,1.832,32.870,0.039,37.7,16.0,67451,17730,85636,,,8.2,16767.6,17222.0,cuda:0,123,bf16,48,NVIDIA A100-SXM4-80GB,1,79.2,580.126.09,96,48,1121.8,Linux-6.12.68-92.122.amzn2023.x86_64-x86_64-with-glibc2.39,sdpa (flash_attn-2.8.3.post1),https://wandb.ai/rmukund16-indian-institute-of-technology-hyderabad/distillspec-pipeline/runs/1heslnth,3,Qwen/Qwen3-8B
2026-07-07T03:47:42,/sensei-fs-3/users/rkrishna//checkpoints/jsd_mathhard_s123/ckpt_best,olympiad_eval,traversal_dL4,3,8,100,0,2210,5.965158,15.6907,380.172,63.732,11.4923,13183,840.18,698.014,100.806,3.351,29.838,0.042,37.4,15.6,67475,18176,84952,,,8.2,16767.6,17220.0,cuda:0,123,bf16,48,NVIDIA A100-SXM4-80GB,1,79.2,580.126.09,96,48,1121.8,Linux-6.12.68-92.122.amzn2023.x86_64-x86_64-with-glibc2.39,sdpa (flash_attn-2.8.3.post1),https://wandb.ai/rmukund16-indian-institute-of-technology-hyderabad/distillspec-pipeline/runs/1heslnth,4,Qwen/Qwen3-8B
2026-07-07T04:04:14,/sensei-fs-3/users/rkrishna//checkpoints/jsd_mathhard_s123/ckpt_best,olympiad_eval,specinfer_dL4,3,8,100,0,2535,5.181460,13.6101,380.708,73.475,11.8450,13135,965.09,804.293,116.339,1.925,34.263,0.038,37.4,15.7,67475,18294,84412,,,8.3,16767.6,17220.0,cuda:0,123,bf16,48,NVIDIA A100-SXM4-80GB,1,79.2,580.126.09,96,48,1121.8,Linux-6.12.68-92.122.amzn2023.x86_64-x86_64-with-glibc2.39,sdpa (flash_attn-2.8.3.post1),https://wandb.ai/rmukund16-indian-institute-of-technology-hyderabad/distillspec-pipeline/runs/1heslnth,4,Qwen/Qwen3-8B
2026-07-07T04:19:33,/sensei-fs-3/users/rkrishna//checkpoints/jsd_mathhard_s123/ckpt_best,olympiad_eval,traversal_dL5,3,8,100,0,2259,5.828243,15.0445,387.401,66.470,10.6388,13166,875.14,727.268,105.377,3.265,30.815,0.042,36.0,14.6,67475,26788,167059,,,8.3,16767.6,17218.0,cuda:0,123,bf16,48,NVIDIA A100-SXM4-80GB,1,79.2,580.126.09,96,48,1121.8,Linux-6.12.68-92.122.amzn2023.x86_64-x86_64-with-glibc2.39,sdpa (flash_attn-2.8.3.post1),https://wandb.ai/rmukund16-indian-institute-of-technology-hyderabad/distillspec-pipeline/runs/1heslnth,5,Qwen/Qwen3-8B
2026-07-07T04:34:55,/sensei-fs-3/users/rkrishna//checkpoints/jsd_mathhard_s123/ckpt_best,olympiad_eval,specinfer_dL5,3,8,100,0,2317,5.660337,14.6735,385.752,68.150,10.6439,13115,893.79,744.444,107.756,1.782,31.488,0.038,36.4,15.2,67449,17722,83902,,,8.3,16767.6,17218.0,cuda:0,123,bf16,48,NVIDIA A100-SXM4-80GB,1,79.2,580.126.09,96,48,1121.8,Linux-6.12.68-92.122.amzn2023.x86_64-x86_64-with-glibc2.39,sdpa (flash_attn-2.8.3.post1),https://wandb.ai/rmukund16-indian-institute-of-technology-hyderabad/distillspec-pipeline/runs/1heslnth,5,Qwen/Qwen3-8B
2026-07-07T04:50:04,/sensei-fs-3/users/rkrishna//checkpoints/jsd_mathhard_s123/ckpt_best,olympiad_eval,naive,4,8,100,0,2412,5.448176,15.1803,358.898,65.875,20.8781,13141,865.66,706.630,116.417,1.507,32.868,0.042,36.5,14.7,67449,25587,161653,,,8.2,16767.6,17292.0,cuda:0,123,bf16,48,NVIDIA A100-SXM4-80GB,1,79.2,580.126.09,96,48,1121.8,Linux-6.12.68-92.122.amzn2023.x86_64-x86_64-with-glibc2.39,sdpa (flash_attn-2.8.3.post1),https://wandb.ai/rmukund16-indian-institute-of-technology-hyderabad/distillspec-pipeline/runs/1heslnth,0,Qwen/Qwen3-8B
2026-07-07T05:12:50,/sensei-fs-3/users/rkrishna//checkpoints/jsd_mathhard_s123/ckpt_best,olympiad_eval,nss,4,8,100,0,3700,3.517027,9.7899,359.252,102.147,23.1441,13013,1329.23,1087.827,180.048,2.349,50.470,0.038,35.9,14.7,67449,17846,82520,,,8.2,16767.6,17312.0,cuda:0,123,bf16,48,NVIDIA A100-SXM4-80GB,1,79.2,580.126.09,96,48,1121.8,Linux-6.12.68-92.122.amzn2023.x86_64-x86_64-with-glibc2.39,sdpa (flash_attn-2.8.3.post1),https://wandb.ai/rmukund16-indian-institute-of-technology-hyderabad/distillspec-pipeline/runs/1heslnth,0,Qwen/Qwen3-8B
2026-07-07T05:31:52,/sensei-fs-3/users/rkrishna//checkpoints/jsd_mathhard_s123/ckpt_best,olympiad_eval,specinfer,4,8,100,0,3099,4.212649,11.7685,357.958,84.972,23.4450,13055,1109.31,906.221,150.097,2.602,42.042,0.038,36.4,14.7,67451,25125,145989,,,8.2,16767.6,17312.0,cuda:0,123,bf16,48,NVIDIA A100-SXM4-80GB,1,79.2,580.126.09,96,48,1121.8,Linux-6.12.68-92.122.amzn2023.x86_64-x86_64-with-glibc2.39,sdpa (flash_attn-2.8.3.post1),https://wandb.ai/rmukund16-indian-institute-of-technology-hyderabad/distillspec-pipeline/runs/1heslnth,0,Qwen/Qwen3-8B
2026-07-07T05:48:43,/sensei-fs-3/users/rkrishna//checkpoints/jsd_mathhard_s123/ckpt_best,olympiad_eval,spectr,4,8,100,0,2712,4.816372,13.3121,361.804,75.120,21.9558,13062,981.21,794.505,131.142,10.336,36.976,0.037,36.2,14.8,67451,18283,83732,,,8.2,16767.6,17312.0,cuda:0,123,bf16,48,NVIDIA A100-SXM4-80GB,1,79.2,580.126.09,96,48,1121.8,Linux-6.12.68-92.122.amzn2023.x86_64-x86_64-with-glibc2.39,sdpa (flash_attn-2.8.3.post1),https://wandb.ai/rmukund16-indian-institute-of-technology-hyderabad/distillspec-pipeline/runs/1heslnth,0,Qwen/Qwen3-8B
2026-07-07T06:09:12,/sensei-fs-3/users/rkrishna//checkpoints/jsd_mathhard_s123/ckpt_best,olympiad_eval,khisti,4,8,100,0,3099,4.202646,10.9777,382.834,91.094,23.4621,13024,1186.40,913.298,151.137,70.985,42.531,0.037,35.6,14.2,67451,24531,147521,,,8.2,16767.6,17314.0,cuda:0,123,bf16,48,NVIDIA A100-SXM4-80GB,1,79.2,580.126.09,96,48,1121.8,Linux-6.12.68-92.122.amzn2023.x86_64-x86_64-with-glibc2.39,sdpa (flash_attn-2.8.3.post1),https://wandb.ai/rmukund16-indian-institute-of-technology-hyderabad/distillspec-pipeline/runs/1heslnth,0,Qwen/Qwen3-8B
2026-07-07T06:29:36,/sensei-fs-3/users/rkrishna//checkpoints/jsd_mathhard_s123/ckpt_best,olympiad_eval,max,4,8,100,0,2987,4.376967,10.9763,398.764,91.105,22.8714,13074,1191.11,878.456,145.335,118.058,40.832,0.037,35.6,14.4,67449,17706,82968,,,8.1,16767.6,17314.0,cuda:0,123,bf16,48,NVIDIA A100-SXM4-80GB,1,79.2,580.126.09,96,48,1121.8,Linux-6.12.68-92.122.amzn2023.x86_64-x86_64-with-glibc2.39,sdpa (flash_attn-2.8.3.post1),https://wandb.ai/rmukund16-indian-institute-of-technology-hyderabad/distillspec-pipeline/runs/1heslnth,0,Qwen/Qwen3-8B
2026-07-07T06:43:30,/sensei-fs-3/users/rkrishna//checkpoints/jsd_mathhard_s123/ckpt_best,olympiad_eval,bv,4,8,100,0,2246,5.857079,16.1894,361.785,61.769,19.8415,13155,812.57,661.398,108.685,3.726,30.552,0.038,38.2,14.9,67513,28907,176143,,,8.2,16767.6,17314.0,cuda:0,123,bf16,48,NVIDIA A100-SXM4-80GB,1,79.2,580.126.09,96,48,1121.8,Linux-6.12.68-92.122.amzn2023.x86_64-x86_64-with-glibc2.39,sdpa (flash_attn-2.8.3.post1),https://wandb.ai/rmukund16-indian-institute-of-technology-hyderabad/distillspec-pipeline/runs/1heslnth,0,Qwen/Qwen3-8B
2026-07-07T07:01:37,/sensei-fs-3/users/rkrishna//checkpoints/jsd_mathhard_s123/ckpt_best,olympiad_eval,gbv,4,8,100,0,2870,4.554704,12.3513,368.762,80.963,22.8317,13072,1058.35,845.310,140.409,25.162,39.067,0.040,38.9,15.7,67513,19097,88060,,,8.1,16830.5,17394.0,cuda:0,123,bf16,48,NVIDIA A100-SXM4-80GB,1,79.2,580.126.09,96,48,1121.8,Linux-6.12.68-92.122.amzn2023.x86_64-x86_64-with-glibc2.39,sdpa (flash_attn-2.8.3.post1),https://wandb.ai/rmukund16-indian-institute-of-technology-hyderabad/distillspec-pipeline/runs/1heslnth,0,Qwen/Qwen3-8B
2026-07-07T07:16:48,/sensei-fs-3/users/rkrishna//checkpoints/jsd_mathhard_s123/ckpt_best,olympiad_eval,traversal,4,8,100,0,2273,5.753630,14.8002,388.754,67.567,21.0057,13078,883.64,716.441,119.120,6.723,32.431,0.045,39.0,15.8,67513,19578,90086,,,8.2,16811.9,17398.0,cuda:0,123,bf16,48,NVIDIA A100-SXM4-80GB,1,79.2,580.126.09,96,48,1121.8,Linux-6.12.68-92.122.amzn2023.x86_64-x86_64-with-glibc2.39,sdpa (flash_attn-2.8.3.post1),https://wandb.ai/rmukund16-indian-institute-of-technology-hyderabad/distillspec-pipeline/runs/1heslnth,0,Qwen/Qwen3-8B
2026-07-07T07:32:36,/sensei-fs-3/users/rkrishna//checkpoints/jsd_mathhard_s123/ckpt_best,olympiad_eval,traversal_dAdapt,4,8,100,0,2261,5.813799,14.5452,399.705,68.751,13.9483,13145,903.73,748.136,111.056,4.540,31.245,0.048,30.4,12.2,67513,16027,72217,,,8.2,16767.6,17276.0,cuda:0,123,bf16,48,NVIDIA A100-SXM4-80GB,1,79.2,580.126.09,96,48,1121.8,Linux-6.12.68-92.122.amzn2023.x86_64-x86_64-with-glibc2.39,sdpa (flash_attn-2.8.3.post1),https://wandb.ai/rmukund16-indian-institute-of-technology-hyderabad/distillspec-pipeline/runs/1heslnth,0,Qwen/Qwen3-8B
2026-07-07T07:51:00,/sensei-fs-3/users/rkrishna//checkpoints/jsd_mathhard_s123/ckpt_best,olympiad_eval,specinfer_dAdapt,4,8,100,0,2705,4.855823,12.2931,395.004,81.347,15.6214,13135,1068.49,886.437,133.400,2.420,37.366,0.042,37.0,14.6,67513,17837,85535,,,8.1,16767.6,17278.0,cuda:0,123,bf16,48,NVIDIA A100-SXM4-80GB,1,79.2,580.126.09,96,48,1121.8,Linux-6.12.68-92.122.amzn2023.x86_64-x86_64-with-glibc2.39,sdpa (flash_attn-2.8.3.post1),https://wandb.ai/rmukund16-indian-institute-of-technology-hyderabad/distillspec-pipeline/runs/1heslnth,0,Qwen/Qwen3-8B
2026-07-07T08:06:02,/sensei-fs-3/users/rkrishna//checkpoints/jsd_mathhard_s123/ckpt_best,olympiad_eval,traversal_dL3,4,8,100,0,2221,5.916254,15.3414,385.641,65.183,14.0743,13140,856.51,710.462,103.098,4.386,30.300,0.042,36.4,14.4,67513,18297,84003,,,8.2,16767.6,17278.0,cuda:0,123,bf16,48,NVIDIA A100-SXM4-80GB,1,79.2,580.126.09,96,48,1121.8,Linux-6.12.68-92.122.amzn2023.x86_64-x86_64-with-glibc2.39,sdpa (flash_attn-2.8.3.post1),https://wandb.ai/rmukund16-indian-institute-of-technology-hyderabad/distillspec-pipeline/runs/1heslnth,3,Qwen/Qwen3-8B
2026-07-07T08:23:05,/sensei-fs-3/users/rkrishna//checkpoints/jsd_mathhard_s123/ckpt_best,olympiad_eval,specinfer_dL3,4,8,100,0,2593,5.059005,13.1899,383.552,75.816,14.4906,13118,994.55,828.376,120.483,2.220,35.139,0.038,36.2,14.2,67515,18865,86399,,,8.1,16767.6,17278.0,cuda:0,123,bf16,48,NVIDIA A100-SXM4-80GB,1,79.2,580.126.09,96,48,1121.8,Linux-6.12.68-92.122.amzn2023.x86_64-x86_64-with-glibc2.39,sdpa (flash_attn-2.8.3.post1),https://wandb.ai/rmukund16-indian-institute-of-technology-hyderabad/distillspec-pipeline/runs/1heslnth,3,Qwen/Qwen3-8B
2026-07-07T08:38:23,/sensei-fs-3/users/rkrishna//checkpoints/jsd_mathhard_s123/ckpt_best,olympiad_eval,traversal_dL4,4,8,100,0,2219,5.907165,15.0439,392.661,66.472,12.5899,13108,871.31,723.372,105.280,3.948,30.243,0.048,35.4,13.9,67515,17708,81790,,,7.5,16767.6,17278.0,cuda:0,123,bf16,48,NVIDIA A100-SXM4-80GB,1,79.2,580.126.09,96,48,1121.8,Linux-6.12.68-92.122.amzn2023.x86_64-x86_64-with-glibc2.39,sdpa (flash_attn-2.8.3.post1),https://wandb.ai/rmukund16-indian-institute-of-technology-hyderabad/distillspec-pipeline/runs/1heslnth,4,Qwen/Qwen3-8B
2026-07-07T08:54:49,/sensei-fs-3/users/rkrishna//checkpoints/jsd_mathhard_s123/ckpt_best,olympiad_eval,specinfer_dL4,4,8,100,0,2442,5.357494,13.6953,391.191,73.018,12.7060,13083,955.29,795.229,116.201,2.146,33.196,0.044,38.1,15.1,67515,18982,88003,,,7.1,16767.6,17278.0,cuda:0,123,bf16,48,NVIDIA A100-SXM4-80GB,1,79.2,580.126.09,96,48,1121.8,Linux-6.12.68-92.122.amzn2023.x86_64-x86_64-with-glibc2.39,sdpa (flash_attn-2.8.3.post1),https://wandb.ai/rmukund16-indian-institute-of-technology-hyderabad/distillspec-pipeline/runs/1heslnth,4,Qwen/Qwen3-8B
2026-07-07T09:11:36,/sensei-fs-3/users/rkrishna//checkpoints/jsd_mathhard_s123/ckpt_best,olympiad_eval,traversal_dL5,4,8,100,0,2300,5.706957,13.6701,417.476,73.152,11.3026,13126,960.20,799.083,115.465,3.946,32.690,0.045,39.0,15.8,67545,19117,90399,,,7.1,16767.6,17276.0,cuda:0,123,bf16,48,NVIDIA A100-SXM4-80GB,1,79.2,580.126.09,96,48,1121.8,Linux-6.12.68-92.122.amzn2023.x86_64-x86_64-with-glibc2.39,sdpa (flash_attn-2.8.3.post1),https://wandb.ai/rmukund16-indian-institute-of-technology-hyderabad/distillspec-pipeline/runs/1heslnth,5,Qwen/Qwen3-8B
2026-07-07T09:29:21,/sensei-fs-3/users/rkrishna//checkpoints/jsd_mathhard_s123/ckpt_best,olympiad_eval,specinfer_dL5,4,8,100,0,2461,5.329947,12.7711,417.343,78.301,11.5205,13117,1027.08,856.813,123.924,2.303,34.997,0.040,38.6,15.3,67575,19023,89277,,,7.1,16767.6,17278.0,cuda:0,123,bf16,48,NVIDIA A100-SXM4-80GB,1,79.2,580.126.09,96,48,1121.8,Linux-6.12.68-92.122.amzn2023.x86_64-x86_64-with-glibc2.39,sdpa (flash_attn-2.8.3.post1),https://wandb.ai/rmukund16-indian-institute-of-technology-hyderabad/distillspec-pipeline/runs/1heslnth,5,Qwen/Qwen3-8B
