timestamp,checkpoint,dataset,mode,K,L,n_prompts,skipped_prompts,target_calls,block_eff,throughput_tok_s,time_per_call_ms,time_per_token_ms,avg_tree_nodes,total_gen_tokens,total_time_s,time_draft_s,time_target_s,time_verify_s,time_cache_s,time_tokenizer_s,gpu_sm_util_avg_pct,gpu_mem_util_avg_pct,gpu_vram_peak_mb,gpu_pcie_tx_avg_kbs,gpu_pcie_rx_avg_kbs,gpu_nvlink_tx_avg_kbs,gpu_nvlink_rx_avg_kbs,cpu_util_avg_pct,torch_vram_alloc_mb,torch_vram_reserv_mb,device,seed,dtype,cpu_threads_used,machine_gpu,machine_gpu_count,machine_gpu_vram_gb,machine_driver,machine_cpu_logical_cores,machine_cpu_physical_cores,machine_ram_gb,machine_os
2026-06-19T05:08:51,checkpoints/jsd+naive_treex0.1_seed123/ckpt_best,gsm8k_eval,bv,3,8,100,0,2351,5.589111,14.6984,380.253,68.035,16.5453,13140,893.97,729.566,119.792,4.211,31.059,0.051,26.5,4.5,18591,14725,79440,,,10.9,16770.9,17304.0,cuda:0,123,bf16,12,NVIDIA A100-SXM4-80GB,4,79.2,580.126.09,96,48,1121.8,Linux-6.12.68-92.122.amzn2023.x86_64-x86_64-with-glibc2.39
2026-06-19T05:09:16,checkpoints/jsd+naive_treex0.3_seed123/ckpt_best,gsm8k_eval,bv,3,8,100,0,2416,5.438328,14.4783,375.620,69.069,16.8605,13139,907.50,740.829,121.395,4.253,31.804,0.050,26.9,4.6,18593,15735,79431,,,10.8,16770.9,17306.0,cuda:1,123,bf16,12,NVIDIA A100-SXM4-80GB,4,79.2,580.126.09,96,48,1121.8,Linux-6.12.68-92.122.amzn2023.x86_64-x86_64-with-glibc2.39
2026-06-19T05:09:18,checkpoints/jsd_seed123/ckpt_best,gsm8k_eval,bv,3,8,100,0,2394,5.477444,14.7640,371.000,67.732,16.4716,13113,888.17,724.373,119.023,4.147,31.635,0.048,27.0,4.7,18593,15591,80836,,,10.9,16770.9,17306.0,cuda:3,123,bf16,12,NVIDIA A100-SXM4-80GB,4,79.2,580.126.09,96,48,1121.8,Linux-6.12.68-92.122.amzn2023.x86_64-x86_64-with-glibc2.39
2026-06-19T05:10:42,checkpoints/jsd+naive_treex1.0_seed123/ckpt_best,gsm8k_eval,bv,3,8,100,0,2614,5.003443,13.2954,376.328,75.214,17.5134,13079,983.72,803.092,132.208,4.668,34.398,0.050,26.9,4.6,18591,15244,79800,,,10.3,16770.9,17304.0,cuda:2,123,bf16,12,NVIDIA A100-SXM4-80GB,4,79.2,580.126.09,96,48,1121.8,Linux-6.12.68-92.122.amzn2023.x86_64-x86_64-with-glibc2.39
2026-06-19T05:33:47,checkpoints/jsd+naive_treex0.1_seed123/ckpt_best,gsm8k_eval,bv,2,8,100,0,2483,5.283125,14.5543,362.993,68.708,13.3460,13118,901.31,735.161,120.420,4.226,32.220,0.049,27.2,4.7,18523,15489,82117,,,7.8,16770.9,17236.0,cuda:0,123,bf16,12,NVIDIA A100-SXM4-80GB,4,79.2,580.126.09,96,48,1121.8,Linux-6.12.68-92.122.amzn2023.x86_64-x86_64-with-glibc2.39
2026-06-19T05:34:56,checkpoints/jsd_seed123/ckpt_best,gsm8k_eval,bv,2,8,100,0,2453,5.345699,14.3461,372.623,69.705,13.3494,13113,914.04,746.081,122.285,4.319,32.198,0.051,26.6,4.4,18521,15458,80253,,,7.8,16770.9,17234.0,cuda:3,123,bf16,12,NVIDIA A100-SXM4-80GB,4,79.2,580.126.09,96,48,1121.8,Linux-6.12.68-92.122.amzn2023.x86_64-x86_64-with-glibc2.39
2026-06-19T05:35:19,checkpoints/jsd+naive_treex0.3_seed123/ckpt_best,gsm8k_eval,bv,2,8,100,0,2505,5.247106,13.4566,389.929,74.313,13.4359,13144,976.77,797.902,130.902,4.610,33.837,0.049,25.4,4.3,18519,14928,76537,,,7.7,16770.9,17232.0,cuda:1,123,bf16,12,NVIDIA A100-SXM4-80GB,4,79.2,580.126.09,96,48,1121.8,Linux-6.12.68-92.122.amzn2023.x86_64-x86_64-with-glibc2.39
2026-06-19T05:35:57,checkpoints/jsd+naive_treex1.0_seed123/ckpt_best,gsm8k_eval,bv,2,8,100,0,2659,4.933810,13.1556,375.036,76.013,13.6318,13119,997.22,815.414,133.102,4.674,34.787,0.047,26.8,4.3,18523,15823,79327,,,7.6,16770.9,17236.0,cuda:2,123,bf16,12,NVIDIA A100-SXM4-80GB,4,79.2,580.126.09,96,48,1121.8,Linux-6.12.68-92.122.amzn2023.x86_64-x86_64-with-glibc2.39
2026-06-19T06:11:09,checkpoints/jsd+naive_treex0.3_seed123/ckpt_best,gsm8k_eval,bv,4,8,100,0,2489,5.287666,14.9957,352.613,66.686,20.0783,13161,877.65,715.000,118.392,4.120,31.435,0.045,28.5,5.1,18619,15999,83770,,,13.2,16770.9,17332.0,cuda:1,123,bf16,12,NVIDIA A100-SXM4-80GB,4,79.2,580.126.09,96,48,1121.8,Linux-6.12.68-92.122.amzn2023.x86_64-x86_64-with-glibc2.39
2026-06-19T06:11:16,checkpoints/jsd_seed123/ckpt_best,gsm8k_eval,bv,4,8,100,0,2417,5.428217,15.0744,360.096,66.338,19.4746,13120,870.35,709.270,117.259,4.080,30.935,0.044,27.8,5.1,18621,15688,80910,,,13.1,16770.9,17334.0,cuda:3,123,bf16,12,NVIDIA A100-SXM4-80GB,4,79.2,580.126.09,96,48,1121.8,Linux-6.12.68-92.122.amzn2023.x86_64-x86_64-with-glibc2.39
2026-06-19T06:11:20,checkpoints/jsd+naive_treex0.1_seed123/ckpt_best,gsm8k_eval,bv,4,8,100,0,2483,5.292791,14.7159,359.664,67.953,20.1160,13142,893.04,727.605,120.532,4.119,31.959,0.043,28.1,5.1,18619,15871,81415,,,13.1,16770.9,17332.0,cuda:0,123,bf16,12,NVIDIA A100-SXM4-80GB,4,79.2,580.126.09,96,48,1121.8,Linux-6.12.68-92.122.amzn2023.x86_64-x86_64-with-glibc2.39
2026-06-19T06:11:46,checkpoints/jsd+naive_treex1.0_seed123/ckpt_best,gsm8k_eval,bv,4,8,100,0,2563,5.097932,14.4081,353.824,69.405,20.5486,13066,906.85,738.412,122.725,4.265,32.717,0.044,28.9,5.2,18619,16253,83417,,,13.0,16770.9,17332.0,cuda:2,123,bf16,12,NVIDIA A100-SXM4-80GB,4,79.2,580.126.09,96,48,1121.8,Linux-6.12.68-92.122.amzn2023.x86_64-x86_64-with-glibc2.39
2026-06-19T07:27:29,checkpoints/jsd+naive_treex0.1_seed123/ckpt_best,gsm8k_eval,bv,1,8,100,0,2430,5.413580,15.7541,343.630,63.476,9.0000,13155,835.02,679.386,112.142,3.940,30.877,0.043,26.2,4.8,18461,15953,81141,,,13.2,16770.9,17174.0,cuda:0,123,bf16,12,NVIDIA A100-SXM4-80GB,4,79.2,580.126.09,96,48,1121.8,Linux-6.12.68-92.122.amzn2023.x86_64-x86_64-with-glibc2.39
2026-06-19T07:27:44,checkpoints/jsd+naive_treex0.3_seed123/ckpt_best,gsm8k_eval,bv,1,8,100,0,2408,5.436047,15.6349,347.686,63.959,9.0000,13090,837.23,681.445,112.284,3.923,30.801,0.043,26.1,4.8,18461,16371,80118,,,13.2,16770.9,17174.0,cuda:1,123,bf16,12,NVIDIA A100-SXM4-80GB,4,79.2,580.126.09,96,48,1121.8,Linux-6.12.68-92.122.amzn2023.x86_64-x86_64-with-glibc2.39
2026-06-19T07:28:00,checkpoints/jsd_seed123/ckpt_best,gsm8k_eval,bv,1,8,100,0,2416,5.409354,15.6351,345.974,63.959,9.0000,13069,835.87,680.567,112.333,3.905,30.396,0.044,25.8,4.7,18459,15690,81462,,,13.1,16770.9,17172.0,cuda:3,123,bf16,12,NVIDIA A100-SXM4-80GB,4,79.2,580.126.09,96,48,1121.8,Linux-6.12.68-92.122.amzn2023.x86_64-x86_64-with-glibc2.39
2026-06-19T07:28:59,checkpoints/jsd+naive_treex1.0_seed123/ckpt_best,gsm8k_eval,bv,1,8,100,0,2527,5.203403,14.5624,357.317,68.670,9.0000,13149,902.94,736.012,121.346,4.219,32.406,0.044,26.0,4.5,18461,15766,78115,,,12.9,16770.9,17174.0,cuda:2,123,bf16,12,NVIDIA A100-SXM4-80GB,4,79.2,580.126.09,96,48,1121.8,Linux-6.12.68-92.122.amzn2023.x86_64-x86_64-with-glibc2.39
2026-06-19T08:03:10,checkpoints/jsd+naive_treex0.1_seed123/ckpt_best,gsm8k_eval,traversal,1,8,99,1,2459,5.286295,15.3089,345.310,65.322,9.0000,12999,849.12,691.621,114.281,3.122,31.474,0.043,26.3,4.9,18461,16248,81067,,,13.2,16770.9,17174.0,cuda:0,123,bf16,12,NVIDIA A100-SXM4-80GB,4,79.2,580.126.09,96,48,1121.8,Linux-6.12.68-92.122.amzn2023.x86_64-x86_64-with-glibc2.39
2026-06-19T08:03:18,checkpoints/jsd+naive_treex0.3_seed123/ckpt_best,gsm8k_eval,traversal,1,8,100,0,2451,5.355365,15.4687,346.207,64.647,9.0000,13126,848.55,690.688,114.903,3.097,31.157,0.043,26.2,4.8,18461,16202,80893,,,13.2,16770.9,17174.0,cuda:1,123,bf16,12,NVIDIA A100-SXM4-80GB,4,79.2,580.126.09,96,48,1121.8,Linux-6.12.68-92.122.amzn2023.x86_64-x86_64-with-glibc2.39
2026-06-19T08:03:25,checkpoints/jsd_seed123/ckpt_best,gsm8k_eval,traversal,1,8,100,0,2366,5.553677,15.9378,348.459,62.744,9.0000,13140,824.45,671.782,110.980,2.898,30.026,0.043,25.8,4.8,18461,16486,81273,,,13.2,16770.9,17174.0,cuda:3,123,bf16,12,NVIDIA A100-SXM4-80GB,4,79.2,580.126.09,96,48,1121.8,Linux-6.12.68-92.122.amzn2023.x86_64-x86_64-with-glibc2.39
2026-06-19T08:04:17,checkpoints/jsd+naive_treex1.0_seed123/ckpt_best,gsm8k_eval,traversal,1,8,100,0,2541,5.163322,14.7981,348.918,67.576,9.0000,13120,886.60,722.659,118.752,3.298,32.213,0.044,26.7,4.9,18459,16447,80332,,,13.0,16770.9,17172.0,cuda:2,123,bf16,12,NVIDIA A100-SXM4-80GB,4,79.2,580.126.09,96,48,1121.8,Linux-6.12.68-92.122.amzn2023.x86_64-x86_64-with-glibc2.39
2026-06-19T08:50:57,checkpoints/jsd+naive_treex0.1_seed123/ckpt_best,gsm8k_eval,traversal,2,8,100,0,2430,5.417284,15.2737,354.681,65.472,13.4099,13164,861.87,703.053,114.530,4.561,30.971,0.044,28.1,4.9,18527,15768,83304,,,13.2,16770.9,17240.0,cuda:0,123,bf16,12,NVIDIA A100-SXM4-80GB,4,79.2,580.126.09,96,48,1121.8,Linux-6.12.68-92.122.amzn2023.x86_64-x86_64-with-glibc2.39
2026-06-19T08:51:11,checkpoints/jsd+naive_treex0.3_seed123/ckpt_best,gsm8k_eval,traversal,2,8,100,0,2442,5.372645,15.0861,356.132,66.286,13.5864,13120,869.68,709.402,115.807,4.583,31.050,0.044,27.9,4.7,18521,15765,83341,,,13.2,16770.9,17234.0,cuda:1,123,bf16,12,NVIDIA A100-SXM4-80GB,4,79.2,580.126.09,96,48,1121.8,Linux-6.12.68-92.122.amzn2023.x86_64-x86_64-with-glibc2.39
2026-06-19T08:51:18,checkpoints/jsd+naive_treex1.0_seed123/ckpt_best,gsm8k_eval,traversal,2,8,100,0,2420,5.430165,15.1584,358.229,65.970,13.5533,13141,866.91,707.708,115.267,4.499,30.679,0.043,28.0,4.6,18523,15871,82828,,,13.2,16770.9,17236.0,cuda:2,123,bf16,12,NVIDIA A100-SXM4-80GB,4,79.2,580.126.09,96,48,1121.8,Linux-6.12.68-92.122.amzn2023.x86_64-x86_64-with-glibc2.39
2026-06-19T08:51:23,checkpoints/jsd_seed123/ckpt_best,gsm8k_eval,traversal,2,8,100,0,2416,5.436258,15.2239,357.087,65.686,13.4052,13134,862.72,703.753,114.743,4.501,30.973,0.044,27.6,4.7,18521,16101,82870,,,13.1,16770.9,17234.0,cuda:3,123,bf16,12,NVIDIA A100-SXM4-80GB,4,79.2,580.126.09,96,48,1121.8,Linux-6.12.68-92.122.amzn2023.x86_64-x86_64-with-glibc2.39
2026-06-19T09:13:25,checkpoints/jsd+naive_treex1.0_seed123/ckpt_best,gsm8k_eval,traversal,3,8,100,0,2445,5.361963,15.1405,354.147,66.048,17.8965,13110,865.89,704.152,115.890,6.052,31.055,0.044,28.6,5.1,18595,15911,84106,,,13.2,16770.9,17308.0,cuda:2,123,bf16,12,NVIDIA A100-SXM4-80GB,4,79.2,580.126.09,96,48,1121.8,Linux-6.12.68-92.122.amzn2023.x86_64-x86_64-with-glibc2.39
2026-06-19T09:13:36,checkpoints/jsd+naive_treex0.1_seed123/ckpt_best,gsm8k_eval,traversal,3,8,100,0,2520,5.192460,14.5806,356.121,68.584,17.7833,13085,897.43,729.778,120.338,6.487,32.032,0.047,28.3,5.1,18593,15816,83050,,,13.2,16770.9,17306.0,cuda:0,123,bf16,12,NVIDIA A100-SXM4-80GB,4,79.2,580.126.09,96,48,1121.8,Linux-6.12.68-92.122.amzn2023.x86_64-x86_64-with-glibc2.39
2026-06-19T09:13:37,checkpoints/jsd+naive_treex0.3_seed123/ckpt_best,gsm8k_eval,traversal,3,8,100,0,2490,5.252610,14.6842,357.705,68.101,17.7803,13079,890.69,724.751,119.097,6.209,31.834,0.044,28.1,5.0,18593,15875,83093,,,13.2,16770.9,17306.0,cuda:1,123,bf16,12,NVIDIA A100-SXM4-80GB,4,79.2,580.126.09,96,48,1121.8,Linux-6.12.68-92.122.amzn2023.x86_64-x86_64-with-glibc2.39
2026-06-19T09:13:42,checkpoints/jsd_seed123/ckpt_best,gsm8k_eval,traversal,3,8,100,0,2413,5.426855,14.9690,362.541,66.805,17.0680,13095,874.81,712.423,116.821,5.711,30.946,0.046,27.8,4.9,18593,15483,81901,,,13.2,16770.9,17306.0,cuda:3,123,bf16,12,NVIDIA A100-SXM4-80GB,4,79.2,580.126.09,96,48,1121.8,Linux-6.12.68-92.122.amzn2023.x86_64-x86_64-with-glibc2.39
2026-06-19T09:30:34,checkpoints/jsd+naive_treex0.1_seed123/ckpt_best,gsm8k_eval,traversal,4,8,100,0,2457,5.341473,14.9208,357.987,67.020,21.3122,13124,879.57,713.768,118.551,7.124,31.318,0.045,28.4,5.2,18625,16047,83104,,,13.2,16770.9,17338.0,cuda:0,123,bf16,12,NVIDIA A100-SXM4-80GB,4,79.2,580.126.09,96,48,1121.8,Linux-6.12.68-92.122.amzn2023.x86_64-x86_64-with-glibc2.39
2026-06-19T09:30:52,checkpoints/jsd+naive_treex0.3_seed123/ckpt_best,gsm8k_eval,traversal,4,8,100,0,2474,5.297090,14.7194,359.872,67.938,21.4725,13105,890.32,722.583,119.713,7.590,31.612,0.044,28.1,5.1,18621,15792,82999,,,13.2,16770.9,17334.0,cuda:1,123,bf16,12,NVIDIA A100-SXM4-80GB,4,79.2,580.126.09,96,48,1121.8,Linux-6.12.68-92.122.amzn2023.x86_64-x86_64-with-glibc2.39
2026-06-19T09:31:01,checkpoints/jsd_seed123/ckpt_best,gsm8k_eval,traversal,4,8,100,0,2488,5.280949,14.8807,354.885,67.201,20.8637,13139,882.95,716.618,118.883,7.229,31.469,0.044,28.4,5.2,18625,16083,83684,,,13.2,16770.9,17338.0,cuda:3,123,bf16,12,NVIDIA A100-SXM4-80GB,4,79.2,580.126.09,96,48,1121.8,Linux-6.12.68-92.122.amzn2023.x86_64-x86_64-with-glibc2.39
2026-06-19T09:31:13,checkpoints/jsd+naive_treex1.0_seed123/ckpt_best,gsm8k_eval,traversal,4,8,100,0,2506,5.236632,14.5279,360.453,68.833,21.7079,13123,903.29,732.576,121.421,7.751,31.768,0.045,28.4,5.1,18625,15890,81821,,,13.1,16770.9,17338.0,cuda:2,123,bf16,12,NVIDIA A100-SXM4-80GB,4,79.2,580.126.09,96,48,1121.8,Linux-6.12.68-92.122.amzn2023.x86_64-x86_64-with-glibc2.39
