timestamp,checkpoint,dataset,mode,K,L,n_prompts,skipped_prompts,target_calls,block_eff,throughput_tok_s,time_per_call_ms,time_per_token_ms,avg_tree_nodes,total_gen_tokens,total_time_s,time_draft_s,time_target_s,time_verify_s,time_cache_s,time_tokenizer_s,gpu_sm_util_avg_pct,gpu_mem_util_avg_pct,gpu_vram_peak_mb,gpu_pcie_tx_avg_kbs,gpu_pcie_rx_avg_kbs,gpu_nvlink_tx_avg_kbs,gpu_nvlink_rx_avg_kbs,cpu_util_avg_pct,torch_vram_alloc_mb,torch_vram_reserv_mb,device,seed,dtype,cpu_threads_used,machine_gpu,machine_gpu_count,machine_gpu_vram_gb,machine_driver,machine_cpu_logical_cores,machine_cpu_physical_cores,machine_ram_gb,machine_os,training_wandb_url
2026-06-23T15:06:46,checkpoints/jsd_mathhard_s123/ckpt_best,math_eval,traversal,1,8,100,0,2097,6.280401,11.4439,548.800,87.383,9.0000,13170,1150.83,735.527,314.759,2.257,28.662,0.045,12.0,1.6,19070,12932,74572,,,3.0,16794.7,17786.0,cuda:3,123,bf16,24,NVIDIA H100 80GB HBM3,4,79.2,580.126.09,192,96,2000.0,Linux-6.12.68-92.122.amzn2023.x86_64-x86_64-with-glibc2.39,https://wandb.ai/rmukund16-indian-institute-of-technology-hyderabad/distillspec-pipeline/runs/3s26dqy0
2026-06-23T15:21:11,checkpoints/jsd_mathhard_s123/ckpt_best,math_eval,bv,1,8,100,0,2152,6.087825,15.5984,390.284,64.109,9.0000,13101,839.89,650.452,146.926,3.756,30.220,0.042,18.3,2.4,19076,19321,115859,,,7.2,16794.7,17786.0,cuda:3,123,bf16,24,NVIDIA H100 80GB HBM3,4,79.2,580.126.09,192,96,2000.0,Linux-6.12.68-92.122.amzn2023.x86_64-x86_64-with-glibc2.39,https://wandb.ai/rmukund16-indian-institute-of-technology-hyderabad/distillspec-pipeline/runs/3s26dqy0
2026-06-23T15:35:14,checkpoints/jsd_mathhard_s123/ckpt_best,math_eval,naive,1,8,100,0,2244,5.849822,16.1021,363.295,62.104,9.0000,13127,815.23,650.877,124.417,1.235,30.512,0.037,19.9,2.7,19080,21093,124984,,,6.3,16794.7,17786.0,cuda:3,123,bf16,24,NVIDIA H100 80GB HBM3,4,79.2,580.126.09,192,96,2000.0,Linux-6.12.68-92.122.amzn2023.x86_64-x86_64-with-glibc2.39,https://wandb.ai/rmukund16-indian-institute-of-technology-hyderabad/distillspec-pipeline/runs/3s26dqy0
2026-06-23T15:48:50,checkpoints/jsd_mathhard_s123/ckpt_best,math_eval,specinfer,1,8,100,0,2218,5.917493,16.6120,356.218,60.198,9.0000,13125,790.09,635.851,115.029,1.279,29.881,0.037,20.2,2.7,19084,23540,128083,,,2.9,16794.7,17786.0,cuda:3,123,bf16,24,NVIDIA H100 80GB HBM3,4,79.2,580.126.09,192,96,2000.0,Linux-6.12.68-92.122.amzn2023.x86_64-x86_64-with-glibc2.39,https://wandb.ai/rmukund16-indian-institute-of-technology-hyderabad/distillspec-pipeline/runs/3s26dqy0
2026-06-23T16:02:47,checkpoints/jsd_mathhard_s123/ckpt_best,math_eval,spectr,1,8,100,0,2242,5.845227,16.1868,361.110,61.779,9.0000,13105,809.61,651.961,117.629,1.157,30.651,0.041,20.1,2.7,19086,21174,126017,,,2.9,16794.7,17786.0,cuda:3,123,bf16,24,NVIDIA H100 80GB HBM3,4,79.2,580.126.09,192,96,2000.0,Linux-6.12.68-92.122.amzn2023.x86_64-x86_64-with-glibc2.39,https://wandb.ai/rmukund16-indian-institute-of-technology-hyderabad/distillspec-pipeline/runs/3s26dqy0
2026-06-23T16:16:15,checkpoints/jsd_mathhard_s123/ckpt_best,math_eval,khisti,1,8,100,0,2207,5.949252,16.8027,354.066,59.514,9.0000,13130,781.42,630.519,112.281,1.106,29.524,0.037,20.3,2.8,19086,21051,127398,,,3.0,16794.7,17786.0,cuda:3,123,bf16,24,NVIDIA H100 80GB HBM3,4,79.2,580.126.09,192,96,2000.0,Linux-6.12.68-92.122.amzn2023.x86_64-x86_64-with-glibc2.39,https://wandb.ai/rmukund16-indian-institute-of-technology-hyderabad/distillspec-pipeline/runs/3s26dqy0
2026-06-23T16:29:41,checkpoints/jsd_mathhard_s123/ckpt_best,math_eval,gbv,1,8,100,0,2173,6.049701,16.8203,359.667,59.452,9.0000,13146,781.56,623.775,112.385,7.961,29.357,0.038,20.6,2.8,19116,21235,127174,,,3.1,16808.7,17812.0,cuda:3,123,bf16,24,NVIDIA H100 80GB HBM3,4,79.2,580.126.09,192,96,2000.0,Linux-6.12.68-92.122.amzn2023.x86_64-x86_64-with-glibc2.39,https://wandb.ai/rmukund16-indian-institute-of-technology-hyderabad/distillspec-pipeline/runs/3s26dqy0
2026-06-23T16:47:58,checkpoints/jsd_mathhard_s123/ckpt_best,math_eval,nss,1,8,100,0,2976,4.394489,12.3172,356.776,81.187,9.0000,13078,1061.76,865.014,145.747,2.040,40.641,0.041,20.4,2.8,19116,21335,127417,,,3.1,16794.7,17812.0,cuda:3,123,bf16,24,NVIDIA H100 80GB HBM3,4,79.2,580.126.09,192,96,2000.0,Linux-6.12.68-92.122.amzn2023.x86_64-x86_64-with-glibc2.39,https://wandb.ai/rmukund16-indian-institute-of-technology-hyderabad/distillspec-pipeline/runs/3s26dqy0
2026-06-23T17:01:28,checkpoints/jsd_mathhard_s123/ckpt_best,math_eval,max,1,8,100,0,2257,5.810811,16.7299,347.331,59.773,9.0000,13115,783.93,640.515,104.171,1.123,30.115,0.036,20.7,2.9,19116,22434,128989,,,3.0,16794.7,17812.0,cuda:3,123,bf16,24,NVIDIA H100 80GB HBM3,4,79.2,580.126.09,192,96,2000.0,Linux-6.12.68-92.122.amzn2023.x86_64-x86_64-with-glibc2.39,https://wandb.ai/rmukund16-indian-institute-of-technology-hyderabad/distillspec-pipeline/runs/3s26dqy0
2026-06-23T17:48:19,checkpoints/jsd_mathhard_s123/ckpt_best,math_eval,traversal,2,8,100,0,2140,6.140654,7.5334,815.119,132.741,12.8411,13141,1744.35,736.908,907.142,3.470,28.726,0.043,8.9,1.3,19170,9420,54488,,,2.9,16794.7,17788.0,cuda:3,123,bf16,24,NVIDIA H100 80GB HBM3,4,79.2,580.126.09,192,96,2000.0,Linux-6.12.68-92.122.amzn2023.x86_64-x86_64-with-glibc2.39,https://wandb.ai/rmukund16-indian-institute-of-technology-hyderabad/distillspec-pipeline/runs/3s26dqy0
2026-06-23T18:08:10,checkpoints/jsd_mathhard_s123/ckpt_best,math_eval,bv,2,8,100,0,2155,6.110441,11.5116,530.805,86.869,12.8265,13168,1143.89,609.933,494.009,3.385,28.541,0.040,14.3,2.1,19236,15642,87761,,,2.9,16794.7,17788.0,cuda:3,123,bf16,24,NVIDIA H100 80GB HBM3,4,79.2,580.126.09,192,96,2000.0,Linux-6.12.68-92.122.amzn2023.x86_64-x86_64-with-glibc2.39,https://wandb.ai/rmukund16-indian-institute-of-technology-hyderabad/distillspec-pipeline/runs/3s26dqy0
2026-06-23T18:25:54,checkpoints/jsd_mathhard_s123/ckpt_best,math_eval,naive,2,8,100,0,2233,5.884013,12.8705,457.169,77.697,13.0300,13139,1020.86,640.089,341.641,1.249,29.814,0.039,16.6,2.4,19278,16445,110494,,,3.0,16794.7,17788.0,cuda:3,123,bf16,24,NVIDIA H100 80GB HBM3,4,79.2,580.126.09,192,96,2000.0,Linux-6.12.68-92.122.amzn2023.x86_64-x86_64-with-glibc2.39,https://wandb.ai/rmukund16-indian-institute-of-technology-hyderabad/distillspec-pipeline/runs/3s26dqy0
2026-06-23T18:44:44,checkpoints/jsd_mathhard_s123/ckpt_best,math_eval,specinfer,2,8,100,0,2569,5.089529,12.0558,422.166,82.948,13.2958,13075,1084.54,743.265,296.888,1.697,34.520,0.039,17.4,2.5,19308,17992,108659,,,2.9,16794.7,17788.0,cuda:3,123,bf16,24,NVIDIA H100 80GB HBM3,4,79.2,580.126.09,192,96,2000.0,Linux-6.12.68-92.122.amzn2023.x86_64-x86_64-with-glibc2.39,https://wandb.ai/rmukund16-indian-institute-of-technology-hyderabad/distillspec-pipeline/runs/3s26dqy0
2026-06-23T19:01:11,checkpoints/jsd_mathhard_s123/ckpt_best,math_eval,spectr,2,8,100,0,2302,5.708514,13.8485,412.211,72.210,13.0282,13141,948.91,653.629,247.699,8.806,30.726,0.040,18.1,2.5,19334,18668,112429,,,3.4,16794.7,17790.0,cuda:3,123,bf16,24,NVIDIA H100 80GB HBM3,4,79.2,580.126.09,192,96,2000.0,Linux-6.12.68-92.122.amzn2023.x86_64-x86_64-with-glibc2.39,https://wandb.ai/rmukund16-indian-institute-of-technology-hyderabad/distillspec-pipeline/runs/3s26dqy0
2026-06-23T19:18:16,checkpoints/jsd_mathhard_s123/ckpt_best,math_eval,khisti,2,8,100,0,2506,5.229449,13.2406,394.956,75.525,13.2171,13105,989.76,718.771,207.365,21.819,33.669,0.038,19.2,2.8,19348,19480,118123,,,3.0,16794.7,17790.0,cuda:3,123,bf16,24,NVIDIA H100 80GB HBM3,4,79.2,580.126.09,192,96,2000.0,Linux-6.12.68-92.122.amzn2023.x86_64-x86_64-with-glibc2.39,https://wandb.ai/rmukund16-indian-institute-of-technology-hyderabad/distillspec-pipeline/runs/3s26dqy0
2026-06-23T19:34:32,checkpoints/jsd_mathhard_s123/ckpt_best,math_eval,gbv,2,8,100,0,2418,5.430521,13.8206,392.930,72.356,13.0550,13131,950.10,687.025,206.833,16.252,31.963,0.039,19.8,2.8,19428,20294,117876,,,3.0,16839.0,17852.0,cuda:3,123,bf16,24,NVIDIA H100 80GB HBM3,4,79.2,580.126.09,192,96,2000.0,Linux-6.12.68-92.122.amzn2023.x86_64-x86_64-with-glibc2.39,https://wandb.ai/rmukund16-indian-institute-of-technology-hyderabad/distillspec-pipeline/runs/3s26dqy0
2026-06-23T19:55:27,checkpoints/jsd_mathhard_s123/ckpt_best,math_eval,nss,2,8,100,0,3147,4.156339,10.7628,386.177,92.913,13.4194,13080,1215.30,914.647,247.868,2.098,42.357,0.039,19.2,2.6,19444,19737,118569,,,2.9,16808.7,17852.0,cuda:3,123,bf16,24,NVIDIA H100 80GB HBM3,4,79.2,580.126.09,192,96,2000.0,Linux-6.12.68-92.122.amzn2023.x86_64-x86_64-with-glibc2.39,https://wandb.ai/rmukund16-indian-institute-of-technology-hyderabad/distillspec-pipeline/runs/3s26dqy0
2026-06-23T20:12:35,checkpoints/jsd_mathhard_s123/ckpt_best,math_eval,max,2,8,100,0,2578,5.066718,13.0801,387.361,76.452,13.5206,13062,998.62,734.977,175.387,45.905,34.253,0.039,20.3,2.8,19454,20445,123018,,,3.0,16808.7,17852.0,cuda:3,123,bf16,24,NVIDIA H100 80GB HBM3,4,79.2,580.126.09,192,96,2000.0,Linux-6.12.68-92.122.amzn2023.x86_64-x86_64-with-glibc2.39,https://wandb.ai/rmukund16-indian-institute-of-technology-hyderabad/distillspec-pipeline/runs/3s26dqy0
2026-06-24T00:47:49,checkpoints/jsd_mathhard_s123/ckpt_best,math_eval,naive,3,8,100,0,2270,5.774449,5.8846,981.287,169.936,16.3841,13108,2227.52,829.597,1292.997,1.659,31.847,0.047,7.7,1.1,19304,8363,45876,,,12.2,16794.7,17868.0,cuda:3,123,bf16,24,NVIDIA H100 80GB HBM3,4,79.2,580.126.09,192,96,2000.0,Linux-6.12.68-92.122.amzn2023.x86_64-x86_64-with-glibc2.39,https://wandb.ai/rmukund16-indian-institute-of-technology-hyderabad/distillspec-pipeline/runs/3s26dqy0
2026-06-24T01:13:34,checkpoints/jsd_mathhard_s123/ckpt_best,math_eval,traversal,3,8,100,0,2232,5.869624,8.7295,672.387,114.554,16.3060,13101,1500.77,692.538,763.295,5.110,31.030,0.043,11.3,1.5,19414,11656,67790,,,12.2,16794.7,17872.0,cuda:3,123,bf16,24,NVIDIA H100 80GB HBM3,4,79.2,580.126.09,192,96,2000.0,Linux-6.12.68-92.122.amzn2023.x86_64-x86_64-with-glibc2.39,https://wandb.ai/rmukund16-indian-institute-of-technology-hyderabad/distillspec-pipeline/runs/3s26dqy0
2026-06-24T01:35:02,checkpoints/jsd_mathhard_s123/ckpt_best,math_eval,bv,3,8,100,0,2150,6.113953,10.5655,578.671,94.648,15.6628,13145,1244.14,664.865,536.671,3.853,29.960,0.043,12.9,1.8,19484,13383,80025,,,12.2,16794.7,17872.0,cuda:3,123,bf16,24,NVIDIA H100 80GB HBM3,4,79.2,580.126.09,192,96,2000.0,Linux-6.12.68-92.122.amzn2023.x86_64-x86_64-with-glibc2.39,https://wandb.ai/rmukund16-indian-institute-of-technology-hyderabad/distillspec-pipeline/runs/3s26dqy0
2026-06-24T01:59:38,checkpoints/jsd_mathhard_s123/ckpt_best,math_eval,specinfer,3,8,100,0,2735,4.782084,9.1380,523.320,109.433,17.3419,13079,1431.28,846.131,535.598,2.465,38.175,0.043,14.3,1.9,19550,15009,88586,,,12.2,16794.7,17872.0,cuda:3,123,bf16,24,NVIDIA H100 80GB HBM3,4,79.2,580.126.09,192,96,2000.0,Linux-6.12.68-92.122.amzn2023.x86_64-x86_64-with-glibc2.39,https://wandb.ai/rmukund16-indian-institute-of-technology-hyderabad/distillspec-pipeline/runs/3s26dqy0
2026-06-24T02:20:09,checkpoints/jsd_mathhard_s123/ckpt_best,math_eval,spectr,3,8,100,0,2474,5.287389,10.9458,483.052,91.359,16.8876,13081,1195.07,751.524,389.907,10.773,34.221,0.041,16.2,2.3,19592,16493,97236,,,7.8,16794.7,17872.0,cuda:3,123,bf16,24,NVIDIA H100 80GB HBM3,4,79.2,580.126.09,192,96,2000.0,Linux-6.12.68-92.122.amzn2023.x86_64-x86_64-with-glibc2.39,https://wandb.ai/rmukund16-indian-institute-of-technology-hyderabad/distillspec-pipeline/runs/3s26dqy0
2026-06-24T02:43:20,checkpoints/jsd_mathhard_s123/ckpt_best,math_eval,khisti,3,8,100,0,2870,4.577700,9.8077,466.744,101.960,17.6624,13138,1339.55,850.334,401.159,40.530,39.086,0.039,16.6,2.3,19636,16750,99963,,,2.9,16794.7,17872.0,cuda:3,123,bf16,24,NVIDIA H100 80GB HBM3,4,79.2,580.126.09,192,96,2000.0,Linux-6.12.68-92.122.amzn2023.x86_64-x86_64-with-glibc2.39,https://wandb.ai/rmukund16-indian-institute-of-technology-hyderabad/distillspec-pipeline/runs/3s26dqy0
2026-06-24T03:03:38,checkpoints/jsd_mathhard_s123/ckpt_best,math_eval,gbv,3,8,100,0,2695,4.875696,11.1511,437.239,89.677,17.2030,13140,1178.36,795.079,317.619,20.306,36.941,0.038,17.4,2.4,19792,17975,106317,,,2.9,16857.6,17994.0,cuda:3,123,bf16,24,NVIDIA H100 80GB HBM3,4,79.2,580.126.09,192,96,2000.0,Linux-6.12.68-92.122.amzn2023.x86_64-x86_64-with-glibc2.39,https://wandb.ai/rmukund16-indian-institute-of-technology-hyderabad/distillspec-pipeline/runs/3s26dqy0
2026-06-24T03:27:37,checkpoints/jsd_mathhard_s123/ckpt_best,math_eval,nss,3,8,100,0,3327,3.908927,9.2944,420.568,107.592,17.7024,13005,1399.23,981.385,361.991,2.134,45.159,0.041,17.9,2.5,19826,18366,108862,,,2.8,16832.0,17994.0,cuda:3,123,bf16,24,NVIDIA H100 80GB HBM3,4,79.2,580.126.09,192,96,2000.0,Linux-6.12.68-92.122.amzn2023.x86_64-x86_64-with-glibc2.39,https://wandb.ai/rmukund16-indian-institute-of-technology-hyderabad/distillspec-pipeline/runs/3s26dqy0
2026-06-24T03:47:45,checkpoints/jsd_mathhard_s123/ckpt_best,math_eval,max,3,8,100,0,2686,4.881981,11.1508,437.815,89.680,17.3578,13113,1175.97,789.805,267.811,74.179,35.769,0.040,18.4,2.5,19850,18350,110572,,,2.9,16832.0,17994.0,cuda:3,123,bf16,24,NVIDIA H100 80GB HBM3,4,79.2,580.126.09,192,96,2000.0,Linux-6.12.68-92.122.amzn2023.x86_64-x86_64-with-glibc2.39,https://wandb.ai/rmukund16-indian-institute-of-technology-hyderabad/distillspec-pipeline/runs/3s26dqy0
2026-06-24T04:53:14,checkpoints/jsd_mathhard_s123/ckpt_best,math_eval,specinfer,4,8,100,0,2854,4.581640,4.7196,970.775,211.884,20.8469,13076,2770.59,970.499,1687.792,2.758,40.208,0.045,7.7,1.1,19496,8428,48285,,,12.0,16794.7,17998.0,cuda:3,123,bf16,24,NVIDIA H100 80GB HBM3,4,79.2,580.126.09,192,96,2000.0,Linux-6.12.68-92.122.amzn2023.x86_64-x86_64-with-glibc2.39,https://wandb.ai/rmukund16-indian-institute-of-technology-hyderabad/distillspec-pipeline/runs/3s26dqy0
2026-06-24T05:19:59,checkpoints/jsd_mathhard_s123/ckpt_best,math_eval,traversal,4,8,100,0,2210,5.942986,8.4431,703.885,118.440,19.1244,13134,1555.58,656.360,854.101,5.551,31.081,0.041,10.7,1.5,19620,11688,64976,,,12.1,16794.7,18000.0,cuda:3,123,bf16,24,NVIDIA H100 80GB HBM3,4,79.2,580.126.09,192,96,2000.0,Linux-6.12.68-92.122.amzn2023.x86_64-x86_64-with-glibc2.39,https://wandb.ai/rmukund16-indian-institute-of-technology-hyderabad/distillspec-pipeline/runs/3s26dqy0
2026-06-24T05:42:45,checkpoints/jsd_mathhard_s123/ckpt_best,math_eval,bv,4,8,100,0,2129,6.150305,9.9681,616.999,100.320,18.5571,13094,1313.59,631.723,639.702,3.699,30.004,0.041,12.3,1.8,19708,12738,76500,,,12.1,16794.7,18000.0,cuda:3,123,bf16,24,NVIDIA H100 80GB HBM3,4,79.2,580.126.09,192,96,2000.0,Linux-6.12.68-92.122.amzn2023.x86_64-x86_64-with-glibc2.39,https://wandb.ai/rmukund16-indian-institute-of-technology-hyderabad/distillspec-pipeline/runs/3s26dqy0
2026-06-24T06:04:36,checkpoints/jsd_mathhard_s123/ckpt_best,math_eval,naive,4,8,100,0,2278,5.748025,10.2899,558.608,97.183,19.7836,13094,1272.51,672.514,558.115,1.613,31.834,0.041,13.6,2.1,19784,13377,78873,,,12.2,16794.7,18000.0,cuda:3,123,bf16,24,NVIDIA H100 80GB HBM3,4,79.2,580.126.09,192,96,2000.0,Linux-6.12.68-92.122.amzn2023.x86_64-x86_64-with-glibc2.39,https://wandb.ai/rmukund16-indian-institute-of-technology-hyderabad/distillspec-pipeline/runs/3s26dqy0
2026-06-24T06:27:25,checkpoints/jsd_mathhard_s123/ckpt_best,math_eval,spectr,4,8,100,0,2523,5.188268,9.9701,520.381,100.300,20.2200,13090,1312.92,748.727,509.087,10.869,35.675,0.048,14.9,2.2,19850,15333,91088,,,12.2,16794.7,18000.0,cuda:3,123,bf16,24,NVIDIA H100 80GB HBM3,4,79.2,580.126.09,192,96,2000.0,Linux-6.12.68-92.122.amzn2023.x86_64-x86_64-with-glibc2.39,https://wandb.ai/rmukund16-indian-institute-of-technology-hyderabad/distillspec-pipeline/runs/3s26dqy0
2026-06-24T06:53:37,checkpoints/jsd_mathhard_s123/ckpt_best,math_eval,khisti,4,8,100,0,3044,4.287122,8.5812,499.595,116.534,21.7162,13050,1520.77,884.171,527.519,58.554,42.037,0.039,15.2,2.1,19916,15594,93577,,,7.8,16794.7,18000.0,cuda:3,123,bf16,24,NVIDIA H100 80GB HBM3,4,79.2,580.126.09,192,96,2000.0,Linux-6.12.68-92.122.amzn2023.x86_64-x86_64-with-glibc2.39,https://wandb.ai/rmukund16-indian-institute-of-technology-hyderabad/distillspec-pipeline/runs/3s26dqy0
2026-06-24T07:15:08,checkpoints/jsd_mathhard_s123/ckpt_best,math_eval,gbv,4,8,100,0,2723,4.819684,10.5878,455.210,94.448,20.8704,13124,1239.54,786.780,385.096,22.080,37.316,0.040,17.2,2.5,20072,17406,103843,,,3.0,16852.9,18110.0,cuda:3,123,bf16,24,NVIDIA H100 80GB HBM3,4,79.2,580.126.09,192,96,2000.0,Linux-6.12.68-92.122.amzn2023.x86_64-x86_64-with-glibc2.39,https://wandb.ai/rmukund16-indian-institute-of-technology-hyderabad/distillspec-pipeline/runs/3s26dqy0
2026-06-24T07:40:56,checkpoints/jsd_mathhard_s123/ckpt_best,math_eval,nss,4,8,100,0,3315,3.930015,8.7533,448.976,114.243,21.3535,13028,1488.36,966.376,465.044,2.229,46.229,0.040,17.3,2.7,20126,17357,102637,,,3.0,16846.0,18110.0,cuda:3,123,bf16,24,NVIDIA H100 80GB HBM3,4,79.2,580.126.09,192,96,2000.0,Linux-6.12.68-92.122.amzn2023.x86_64-x86_64-with-glibc2.39,https://wandb.ai/rmukund16-indian-institute-of-technology-hyderabad/distillspec-pipeline/runs/3s26dqy0
2026-06-24T08:02:26,checkpoints/jsd_mathhard_s123/ckpt_best,math_eval,max,4,8,100,0,2714,4.827929,10.5000,459.802,95.238,20.9676,13103,1247.90,788.276,314.871,98.752,37.681,0.039,17.9,2.5,20156,17937,106673,,,3.0,16846.0,18110.0,cuda:3,123,bf16,24,NVIDIA H100 80GB HBM3,4,79.2,580.126.09,192,96,2000.0,Linux-6.12.68-92.122.amzn2023.x86_64-x86_64-with-glibc2.39,https://wandb.ai/rmukund16-indian-institute-of-technology-hyderabad/distillspec-pipeline/runs/3s26dqy0
2026-06-24T08:51:19,checkpoints/jsd_dw_lin_naive_mathhard_s123_K1/ckpt_best,math_eval,traversal,1,8,99,1,2107,6.164215,11.1276,553.955,89.866,9.0000,12988,1167.18,746.044,322.684,2.276,28.835,0.038,11.9,1.6,19068,13219,74700,,,2.9,16794.7,17782.0,cuda:3,123,bf16,24,NVIDIA H100 80GB HBM3,4,79.2,580.126.09,192,96,2000.0,Linux-6.12.68-92.122.amzn2023.x86_64-x86_64-with-glibc2.39,https://wandb.ai/rmukund16-indian-institute-of-technology-hyderabad/distillspec-pipeline/runs/mt422vm6
2026-06-24T09:05:11,checkpoints/jsd_dw_lin_naive_mathhard_s123_K1/ckpt_best,math_eval,bv,1,8,100,0,2110,6.216588,16.2366,382.875,61.589,9.0000,13117,807.87,631.217,136.114,3.354,28.888,0.035,18.9,2.5,19082,19835,118993,,,3.0,16794.7,17792.0,cuda:3,123,bf16,24,NVIDIA H100 80GB HBM3,4,79.2,580.126.09,192,96,2000.0,Linux-6.12.68-92.122.amzn2023.x86_64-x86_64-with-glibc2.39,https://wandb.ai/rmukund16-indian-institute-of-technology-hyderabad/distillspec-pipeline/runs/mt422vm6
2026-06-24T09:19:37,checkpoints/jsd_dw_lin_naive_mathhard_s123_K1/ckpt_best,math_eval,naive,1,8,100,0,2258,5.835695,15.7296,371.000,63.574,9.0000,13177,837.72,672.386,125.013,1.170,30.775,0.043,19.6,2.6,19086,20140,122172,,,3.0,16794.7,17792.0,cuda:3,123,bf16,24,NVIDIA H100 80GB HBM3,4,79.2,580.126.09,192,96,2000.0,Linux-6.12.68-92.122.amzn2023.x86_64-x86_64-with-glibc2.39,https://wandb.ai/rmukund16-indian-institute-of-technology-hyderabad/distillspec-pipeline/runs/mt422vm6
2026-06-24T09:33:40,checkpoints/jsd_dw_lin_naive_mathhard_s123_K1/ckpt_best,math_eval,specinfer,1,8,100,0,2204,5.944192,16.1019,369.161,62.105,9.0000,13101,813.63,656.785,116.886,1.306,30.292,0.041,19.6,2.6,19088,20294,132805,,,3.0,16794.7,17792.0,cuda:3,123,bf16,24,NVIDIA H100 80GB HBM3,4,79.2,580.126.09,192,96,2000.0,Linux-6.12.68-92.122.amzn2023.x86_64-x86_64-with-glibc2.39,https://wandb.ai/rmukund16-indian-institute-of-technology-hyderabad/distillspec-pipeline/runs/mt422vm6
2026-06-24T09:47:30,checkpoints/jsd_dw_lin_naive_mathhard_s123_K1/ckpt_best,math_eval,spectr,1,8,100,0,2196,5.964026,16.3451,364.882,61.180,9.0000,13097,801.28,650.472,111.504,1.131,29.906,0.037,19.8,2.5,19090,20361,124591,,,3.1,16794.7,17792.0,cuda:3,123,bf16,24,NVIDIA H100 80GB HBM3,4,79.2,580.126.09,192,96,2000.0,Linux-6.12.68-92.122.amzn2023.x86_64-x86_64-with-glibc2.39,https://wandb.ai/rmukund16-indian-institute-of-technology-hyderabad/distillspec-pipeline/runs/mt422vm6
2026-06-24T10:01:30,checkpoints/jsd_dw_lin_naive_mathhard_s123_K1/ckpt_best,math_eval,khisti,1,8,100,0,2213,5.948486,16.2263,366.594,61.628,9.0000,13164,811.27,656.426,115.254,1.154,30.125,0.041,19.9,2.7,19092,20557,124036,,,3.0,16794.7,17792.0,cuda:3,123,bf16,24,NVIDIA H100 80GB HBM3,4,79.2,580.126.09,192,96,2000.0,Linux-6.12.68-92.122.amzn2023.x86_64-x86_64-with-glibc2.39,https://wandb.ai/rmukund16-indian-institute-of-technology-hyderabad/distillspec-pipeline/runs/mt422vm6
2026-06-24T10:14:46,checkpoints/jsd_dw_lin_naive_mathhard_s123_K1/ckpt_best,math_eval,gbv,1,8,100,0,2090,6.255502,16.9060,370.016,59.151,9.0000,13074,773.33,622.369,106.137,7.905,28.618,0.035,19.9,2.6,19134,20834,125653,,,2.9,16804.1,17834.0,cuda:3,123,bf16,24,NVIDIA H100 80GB HBM3,4,79.2,580.126.09,192,96,2000.0,Linux-6.12.68-92.122.amzn2023.x86_64-x86_64-with-glibc2.39,https://wandb.ai/rmukund16-indian-institute-of-technology-hyderabad/distillspec-pipeline/runs/mt422vm6
2026-06-24T10:33:31,checkpoints/jsd_dw_lin_naive_mathhard_s123_K1/ckpt_best,math_eval,nss,1,8,100,0,2959,4.423116,12.1122,365.179,82.561,9.0000,13088,1080.56,878.853,150.830,2.033,40.392,0.036,19.9,2.6,19136,20659,123729,,,2.9,16794.7,17834.0,cuda:3,123,bf16,24,NVIDIA H100 80GB HBM3,4,79.2,580.126.09,192,96,2000.0,Linux-6.12.68-92.122.amzn2023.x86_64-x86_64-with-glibc2.39,https://wandb.ai/rmukund16-indian-institute-of-technology-hyderabad/distillspec-pipeline/runs/mt422vm6
2026-06-24T10:47:32,checkpoints/jsd_dw_lin_naive_mathhard_s123_K1/ckpt_best,math_eval,max,1,8,100,0,2224,5.914568,16.1754,365.653,61.822,9.0000,13154,813.21,663.962,109.186,1.156,30.541,0.038,19.9,2.6,19138,20634,123803,,,2.9,16794.7,17834.0,cuda:3,123,bf16,24,NVIDIA H100 80GB HBM3,4,79.2,580.126.09,192,96,2000.0,Linux-6.12.68-92.122.amzn2023.x86_64-x86_64-with-glibc2.39,https://wandb.ai/rmukund16-indian-institute-of-technology-hyderabad/distillspec-pipeline/runs/mt422vm6
2026-06-24T12:44:34,checkpoints/jsd_dw_lin_naive_mathhard_s123_K1/ckpt_best,math_eval,traversal,2,8,100,0,2161,6.079593,7.3741,824.448,135.609,12.9195,13138,1781.63,741.512,939.802,3.544,28.931,0.043,9.0,1.3,19172,9293,52545,,,2.8,16794.7,17788.0,cuda:3,123,bf16,24,NVIDIA H100 80GB HBM3,4,79.2,580.126.09,192,96,2000.0,Linux-6.12.68-92.122.amzn2023.x86_64-x86_64-with-glibc2.39,https://wandb.ai/rmukund16-indian-institute-of-technology-hyderabad/distillspec-pipeline/runs/mt422vm6
2026-06-24T13:04:10,checkpoints/jsd_dw_lin_naive_mathhard_s123_K1/ckpt_best,math_eval,bv,2,8,100,0,2130,6.157277,11.5820,531.623,86.341,12.6995,13115,1132.36,606.938,485.669,3.313,28.440,0.039,14.6,2.1,19238,14829,88284,,,2.8,16794.7,17788.0,cuda:3,123,bf16,24,NVIDIA H100 80GB HBM3,4,79.2,580.126.09,192,96,2000.0,Linux-6.12.68-92.122.amzn2023.x86_64-x86_64-with-glibc2.39,https://wandb.ai/rmukund16-indian-institute-of-technology-hyderabad/distillspec-pipeline/runs/mt422vm6
2026-06-24T13:21:54,checkpoints/jsd_dw_lin_naive_mathhard_s123_K1/ckpt_best,math_eval,naive,2,8,100,0,2283,5.748576,12.8253,448.221,77.971,12.8625,13124,1023.29,652.334,331.214,1.263,30.383,0.039,16.5,2.4,19278,17050,101812,,,2.8,16794.7,17788.0,cuda:3,123,bf16,24,NVIDIA H100 80GB HBM3,4,79.2,580.126.09,192,96,2000.0,Linux-6.12.68-92.122.amzn2023.x86_64-x86_64-with-glibc2.39,https://wandb.ai/rmukund16-indian-institute-of-technology-hyderabad/distillspec-pipeline/runs/mt422vm6
2026-06-24T13:40:48,checkpoints/jsd_dw_lin_naive_mathhard_s123_K1/ckpt_best,math_eval,specinfer,2,8,100,0,2537,5.136382,11.9147,431.096,83.930,13.3670,13031,1093.69,732.682,316.971,1.663,34.192,0.039,17.1,2.4,19312,18446,114737,,,2.8,16794.7,17788.0,cuda:3,123,bf16,24,NVIDIA H100 80GB HBM3,4,79.2,580.126.09,192,96,2000.0,Linux-6.12.68-92.122.amzn2023.x86_64-x86_64-with-glibc2.39,https://wandb.ai/rmukund16-indian-institute-of-technology-hyderabad/distillspec-pipeline/runs/mt422vm6
2026-06-24T13:56:58,checkpoints/jsd_dw_lin_naive_mathhard_s123_K1/ckpt_best,math_eval,spectr,2,8,100,0,2292,5.731239,14.0056,409.211,71.400,13.0502,13136,937.91,657.040,233.298,8.757,30.739,0.039,18.8,2.7,35464,20641,130626,,,2.9,16794.7,17790.0,cuda:3,123,bf16,24,NVIDIA H100 80GB HBM3,4,79.2,580.126.09,192,96,2000.0,Linux-6.12.68-92.122.amzn2023.x86_64-x86_64-with-glibc2.39,https://wandb.ai/rmukund16-indian-institute-of-technology-hyderabad/distillspec-pipeline/runs/mt422vm6
2026-06-24T14:15:28,checkpoints/jsd_dw_lin_naive_mathhard_s123_K1/ckpt_best,math_eval,khisti,2,8,100,0,2632,4.963146,12.1331,409.057,82.419,13.4293,13063,1076.64,765.988,245.039,21.736,35.599,0.037,18.4,2.5,19354,18933,114430,,,3.6,16794.7,17790.0,cuda:3,123,bf16,24,NVIDIA H100 80GB HBM3,4,79.2,580.126.09,192,96,2000.0,Linux-6.12.68-92.122.amzn2023.x86_64-x86_64-with-glibc2.39,https://wandb.ai/rmukund16-indian-institute-of-technology-hyderabad/distillspec-pipeline/runs/mt422vm6
2026-06-24T14:32:16,checkpoints/jsd_dw_lin_naive_mathhard_s123_K1/ckpt_best,math_eval,gbv,2,8,100,0,2450,5.345306,13.3653,399.941,74.821,13.2641,13096,979.85,712.294,206.806,17.264,35.216,0.040,19.1,2.5,19442,19618,116801,,,8.6,16822.7,17862.0,cuda:3,123,bf16,24,NVIDIA H100 80GB HBM3,4,79.2,580.126.09,192,96,2000.0,Linux-6.12.68-92.122.amzn2023.x86_64-x86_64-with-glibc2.39,https://wandb.ai/rmukund16-indian-institute-of-technology-hyderabad/distillspec-pipeline/runs/mt422vm6
2026-06-24T14:53:55,checkpoints/jsd_dw_lin_naive_mathhard_s123_K1/ckpt_best,math_eval,nss,2,8,100,0,3217,4.058750,10.3613,391.722,96.513,13.5232,13057,1260.17,946.556,258.730,2.288,43.962,0.041,19.2,2.6,19458,20712,115934,,,9.6,16813.4,17862.0,cuda:3,123,bf16,24,NVIDIA H100 80GB HBM3,4,79.2,580.126.09,192,96,2000.0,Linux-6.12.68-92.122.amzn2023.x86_64-x86_64-with-glibc2.39,https://wandb.ai/rmukund16-indian-institute-of-technology-hyderabad/distillspec-pipeline/runs/mt422vm6
2026-06-24T15:10:58,checkpoints/jsd_dw_lin_naive_mathhard_s123_K1/ckpt_best,math_eval,max,2,8,100,0,2481,5.283757,13.2417,399.023,75.519,13.1765,13109,989.98,715.796,184.545,47.861,33.517,0.039,19.6,2.5,19470,20002,119869,,,6.1,16813.4,17862.0,cuda:3,123,bf16,24,NVIDIA H100 80GB HBM3,4,79.2,580.126.09,192,96,2000.0,Linux-6.12.68-92.122.amzn2023.x86_64-x86_64-with-glibc2.39,https://wandb.ai/rmukund16-indian-institute-of-technology-hyderabad/distillspec-pipeline/runs/mt422vm6
2026-06-24T17:18:32,checkpoints/jsd_dw_lin_naive_mathhard_s123_K1/ckpt_best,math_eval,traversal,3,8,100,0,2180,6.035780,6.7957,888.174,147.152,15.9358,13158,1936.22,708.632,1155.453,4.427,28.961,0.038,9.3,1.1,19218,9462,53547,,,2.8,16794.7,17854.0,cuda:3,123,bf16,24,NVIDIA H100 80GB HBM3,4,79.2,580.126.09,192,96,2000.0,Linux-6.12.68-92.122.amzn2023.x86_64-x86_64-with-glibc2.39,sdpa+flash_attention_2 (flash_attn-2.8.3.post1),https://wandb.ai/rmukund16-indian-institute-of-technology-hyderabad/distillspec-pipeline/runs/mt422vm6
2026-06-24T17:43:58,checkpoints/jsd_dw_lin_naive_mathhard_s123_K1/ckpt_best,math_eval,bv,3,8,100,0,2161,6.078667,8.9099,682.237,112.235,15.9172,13136,1474.31,702.736,730.685,3.522,28.721,0.040,11.7,1.6,19322,12280,71743,,,2.4,16794.7,17854.0,cuda:3,123,bf16,24,NVIDIA H100 80GB HBM3,4,79.2,580.126.09,192,96,2000.0,Linux-6.12.68-92.122.amzn2023.x86_64-x86_64-with-glibc2.39,sdpa+flash_attention_2 (flash_attn-2.8.3.post1),https://wandb.ai/rmukund16-indian-institute-of-technology-hyderabad/distillspec-pipeline/runs/mt422vm6
2026-06-24T18:06:55,checkpoints/jsd_dw_lin_naive_mathhard_s123_K1/ckpt_best,math_eval,naive,3,8,100,0,2263,5.798056,9.8642,587.789,101.377,16.3535,13121,1330.17,738.806,551.093,1.351,30.272,0.036,13.2,1.7,19398,14010,81501,,,2.4,16794.7,17854.0,cuda:3,123,bf16,24,NVIDIA H100 80GB HBM3,4,79.2,580.126.09,192,96,2000.0,Linux-6.12.68-92.122.amzn2023.x86_64-x86_64-with-glibc2.39,sdpa+flash_attention_2 (flash_attn-2.8.3.post1),https://wandb.ai/rmukund16-indian-institute-of-technology-hyderabad/distillspec-pipeline/runs/mt422vm6
2026-06-24T18:32:49,checkpoints/jsd_dw_lin_naive_mathhard_s123_K1/ckpt_best,math_eval,specinfer,3,8,100,0,2763,4.723851,8.7435,540.267,114.370,17.3532,13052,1492.76,899.057,545.886,2.041,37.064,0.043,14.5,1.8,19468,14787,87951,,,2.4,16794.7,17854.0,cuda:3,123,bf16,24,NVIDIA H100 80GB HBM3,4,79.2,580.126.09,192,96,2000.0,Linux-6.12.68-92.122.amzn2023.x86_64-x86_64-with-glibc2.39,sdpa+flash_attention_2 (flash_attn-2.8.3.post1),https://wandb.ai/rmukund16-indian-institute-of-technology-hyderabad/distillspec-pipeline/runs/mt422vm6
2026-06-24T18:53:52,checkpoints/jsd_dw_lin_naive_mathhard_s123_K1/ckpt_best,math_eval,spectr,3,8,100,0,2441,5.379353,10.7037,502.569,93.426,16.6088,13131,1226.77,796.117,379.195,10.134,32.661,0.037,15.6,2.1,19512,16408,99277,,,2.4,16794.7,17854.0,cuda:3,123,bf16,24,NVIDIA H100 80GB HBM3,4,79.2,580.126.09,192,96,2000.0,Linux-6.12.68-92.122.amzn2023.x86_64-x86_64-with-glibc2.39,sdpa+flash_attention_2 (flash_attn-2.8.3.post1),https://wandb.ai/rmukund16-indian-institute-of-technology-hyderabad/distillspec-pipeline/runs/mt422vm6
2026-06-24T19:18:33,checkpoints/jsd_dw_lin_naive_mathhard_s123_K1/ckpt_best,math_eval,khisti,3,8,100,0,2930,4.455290,9.1068,489.229,109.809,17.9833,13054,1433.44,953.551,393.422,38.675,39.061,0.035,16.1,2.0,19556,16859,98305,,,2.3,16794.7,17854.0,cuda:3,123,bf16,24,NVIDIA H100 80GB HBM3,4,79.2,580.126.09,192,96,2000.0,Linux-6.12.68-92.122.amzn2023.x86_64-x86_64-with-glibc2.39,sdpa+flash_attention_2 (flash_attn-2.8.3.post1),https://wandb.ai/rmukund16-indian-institute-of-technology-hyderabad/distillspec-pipeline/runs/mt422vm6
2026-06-24T19:40:14,checkpoints/jsd_dw_lin_naive_mathhard_s123_K1/ckpt_best,math_eval,gbv,3,8,100,0,2670,4.908989,10.3719,473.298,96.415,17.2727,13107,1263.71,866.422,333.554,19.473,35.595,0.035,17.1,2.2,19676,17583,110209,,,2.3,16850.6,17938.0,cuda:3,123,bf16,24,NVIDIA H100 80GB HBM3,4,79.2,580.126.09,192,96,2000.0,Linux-6.12.68-92.122.amzn2023.x86_64-x86_64-with-glibc2.39,sdpa+flash_attention_2 (flash_attn-2.8.3.post1),https://wandb.ai/rmukund16-indian-institute-of-technology-hyderabad/distillspec-pipeline/runs/mt422vm6
2026-06-24T20:06:03,checkpoints/jsd_dw_lin_naive_mathhard_s123_K1/ckpt_best,math_eval,nss,3,8,100,0,3312,3.935085,8.6894,452.860,115.083,17.6458,13033,1499.87,1083.849,360.540,2.138,44.462,0.035,17.1,2.1,19712,17758,106898,,,2.4,16832.0,17938.0,cuda:3,123,bf16,24,NVIDIA H100 80GB HBM3,4,79.2,580.126.09,192,96,2000.0,Linux-6.12.68-92.122.amzn2023.x86_64-x86_64-with-glibc2.39,sdpa+flash_attention_2 (flash_attn-2.8.3.post1),https://wandb.ai/rmukund16-indian-institute-of-technology-hyderabad/distillspec-pipeline/runs/mt422vm6
2026-06-24T20:28:04,checkpoints/jsd_dw_lin_naive_mathhard_s123_K1/ckpt_best,math_eval,max,3,8,100,0,2750,4.752364,10.1839,466.653,98.194,17.5651,13069,1283.30,901.289,261.975,74.556,36.665,0.037,17.6,2.1,19734,17967,107872,,,2.4,16832.0,17938.0,cuda:3,123,bf16,24,NVIDIA H100 80GB HBM3,4,79.2,580.126.09,192,96,2000.0,Linux-6.12.68-92.122.amzn2023.x86_64-x86_64-with-glibc2.39,sdpa+flash_attention_2 (flash_attn-2.8.3.post1),https://wandb.ai/rmukund16-indian-institute-of-technology-hyderabad/distillspec-pipeline/runs/mt422vm6
2026-06-25T01:09:45,checkpoints/jsd_dw_lin_naive_mathhard_s123_K3/ckpt_best,math_eval,traversal,1,8,100,0,2126,6.162747,9.9172,621.420,100.835,9.0000,13102,1321.14,861.166,377.782,3.012,32.862,0.057,12.4,1.6,19000,14887,76265,,,40.6,16794.7,17774.0,cuda:1,123,bf16,24,NVIDIA H100 80GB HBM3,4,79.2,580.126.09,192,96,2000.0,Linux-6.12.68-92.122.amzn2023.x86_64-x86_64-with-glibc2.39,sdpa+flash_attention_2 (flash_attn-2.8.3.post1),https://wandb.ai/rmukund16-indian-institute-of-technology-hyderabad/distillspec-pipeline/runs/lf50nis4
2026-06-25T01:21:56,checkpoints/jsd_dw_lin_naive_mathhard_s123_K3/ckpt_best,math_eval,traversal,2,8,100,0,2170,6.042396,6.4477,937.147,155.095,12.8733,13112,2033.61,820.709,1128.468,4.265,34.213,0.059,8.6,1.1,19138,8951,51276,,,40.4,16794.7,17808.0,cuda:3,123,bf16,24,NVIDIA H100 80GB HBM3,4,79.2,580.126.09,192,96,2000.0,Linux-6.12.68-92.122.amzn2023.x86_64-x86_64-with-glibc2.39,sdpa+flash_attention_2 (flash_attn-2.8.3.post1),https://wandb.ai/rmukund16-indian-institute-of-technology-hyderabad/distillspec-pipeline/runs/lf50nis4
2026-06-25T01:28:38,checkpoints/jsd_dw_lin_naive_mathhard_s123_K3/ckpt_best,math_eval,bv,1,8,100,0,2173,6.034514,11.9816,503.647,83.461,9.0000,13113,1094.43,881.223,164.330,4.491,33.903,0.051,15.9,2.0,19012,16818,98232,,,39.5,16794.7,17780.0,cuda:1,123,bf16,24,NVIDIA H100 80GB HBM3,4,79.2,580.126.09,192,96,2000.0,Linux-6.12.68-92.122.amzn2023.x86_64-x86_64-with-glibc2.39,sdpa+flash_attention_2 (flash_attn-2.8.3.post1),https://wandb.ai/rmukund16-indian-institute-of-technology-hyderabad/distillspec-pipeline/runs/lf50nis4
2026-06-25T01:31:25,checkpoints/jsd_dw_lin_naive_mathhard_s123_K1/ckpt_best,math_eval,traversal,4,8,100,0,2290,5.730568,4.9914,1148.097,200.346,19.8533,13123,2629.14,884.554,1656.057,7.139,35.201,0.057,6.9,0.9,19924,7973,41318,,,40.0,16794.7,18000.0,cuda:0,123,bf16,24,NVIDIA H100 80GB HBM3,4,79.2,580.126.09,192,96,2000.0,Linux-6.12.68-92.122.amzn2023.x86_64-x86_64-with-glibc2.39,sdpa+flash_attention_2 (flash_attn-2.8.3.post1),https://wandb.ai/rmukund16-indian-institute-of-technology-hyderabad/distillspec-pipeline/runs/mt422vm6
2026-06-25T01:45:59,checkpoints/jsd_dw_lin_naive_mathhard_s123_K3/ckpt_best,math_eval,bv,2,8,100,0,2159,6.074108,9.3918,646.747,106.476,12.9111,13114,1396.33,816.125,532.100,4.369,33.443,0.058,12.2,1.5,19196,12783,73514,,,38.0,16794.7,17808.0,cuda:3,123,bf16,24,NVIDIA H100 80GB HBM3,4,79.2,580.126.09,192,96,2000.0,Linux-6.12.68-92.122.amzn2023.x86_64-x86_64-with-glibc2.39,sdpa+flash_attention_2 (flash_attn-2.8.3.post1),https://wandb.ai/rmukund16-indian-institute-of-technology-hyderabad/distillspec-pipeline/runs/lf50nis4
2026-06-25T01:47:23,checkpoints/jsd_dw_lin_naive_mathhard_s123_K3/ckpt_best,math_eval,naive,1,8,100,0,2239,5.853059,11.9933,488.029,83.380,9.0000,13105,1092.70,902.142,143.822,1.767,34.503,0.049,16.4,2.2,19016,17544,109261,,,37.8,16794.7,17780.0,cuda:1,123,bf16,24,NVIDIA H100 80GB HBM3,4,79.2,580.126.09,192,96,2000.0,Linux-6.12.68-92.122.amzn2023.x86_64-x86_64-with-glibc2.39,sdpa+flash_attention_2 (flash_attn-2.8.3.post1),https://wandb.ai/rmukund16-indian-institute-of-technology-hyderabad/distillspec-pipeline/runs/lf50nis4
2026-06-25T02:03:45,checkpoints/jsd_dw_lin_naive_mathhard_s123_K1/ckpt_best,math_eval,bv,4,8,100,0,2143,6.127392,7.0313,871.441,142.221,18.2184,13131,1867.50,825.194,994.445,4.444,32.946,0.055,9.3,1.2,19948,9881,58148,,,37.6,16794.7,18000.0,cuda:0,123,bf16,24,NVIDIA H100 80GB HBM3,4,79.2,580.126.09,192,96,2000.0,Linux-6.12.68-92.122.amzn2023.x86_64-x86_64-with-glibc2.39,sdpa+flash_attention_2 (flash_attn-2.8.3.post1),https://wandb.ai/rmukund16-indian-institute-of-technology-hyderabad/distillspec-pipeline/runs/mt422vm6
2026-06-25T02:05:38,checkpoints/jsd_dw_lin_naive_mathhard_s123_K3/ckpt_best,math_eval,specinfer,1,8,100,0,2178,6.041322,12.4483,485.313,80.332,9.0000,13158,1057.01,878.604,132.390,1.915,33.633,0.051,16.4,2.1,19030,17473,101725,,,37.5,16794.7,17792.0,cuda:1,123,bf16,24,NVIDIA H100 80GB HBM3,4,79.2,580.126.09,192,96,2000.0,Linux-6.12.68-92.122.amzn2023.x86_64-x86_64-with-glibc2.39,sdpa+flash_attention_2 (flash_attn-2.8.3.post1),https://wandb.ai/rmukund16-indian-institute-of-technology-hyderabad/distillspec-pipeline/runs/lf50nis4
2026-06-25T02:08:41,checkpoints/jsd_dw_lin_naive_mathhard_s123_K3/ckpt_best,math_eval,naive,2,8,100,0,2299,5.696825,9.8885,576.109,101.128,13.0270,13097,1324.47,868.168,408.499,1.902,35.603,0.056,13.7,1.8,19236,15355,82508,,,37.5,16794.7,17808.0,cuda:3,123,bf16,24,NVIDIA H100 80GB HBM3,4,79.2,580.126.09,192,96,2000.0,Linux-6.12.68-92.122.amzn2023.x86_64-x86_64-with-glibc2.39,sdpa+flash_attention_2 (flash_attn-2.8.3.post1),https://wandb.ai/rmukund16-indian-institute-of-technology-hyderabad/distillspec-pipeline/runs/lf50nis4
2026-06-25T02:24:02,checkpoints/jsd_dw_lin_naive_mathhard_s123_K3/ckpt_best,math_eval,spectr,1,8,100,0,2239,5.853059,12.2330,478.466,81.746,9.0000,13105,1071.29,903.801,120.337,1.821,34.775,0.052,16.7,2.1,19030,17637,102262,,,37.5,16794.7,17792.0,cuda:1,123,bf16,24,NVIDIA H100 80GB HBM3,4,79.2,580.126.09,192,96,2000.0,Linux-6.12.68-92.122.amzn2023.x86_64-x86_64-with-glibc2.39,sdpa+flash_attention_2 (flash_attn-2.8.3.post1),https://wandb.ai/rmukund16-indian-institute-of-technology-hyderabad/distillspec-pipeline/runs/lf50nis4
2026-06-25T02:32:59,checkpoints/jsd_dw_lin_naive_mathhard_s123_K3/ckpt_best,math_eval,specinfer,2,8,100,0,2578,5.088053,9.3117,546.414,107.392,13.3456,13117,1408.65,985.085,370.429,2.583,39.994,0.059,14.3,1.8,19268,14671,87651,,,37.5,16794.7,17808.0,cuda:3,123,bf16,24,NVIDIA H100 80GB HBM3,4,79.2,580.126.09,192,96,2000.0,Linux-6.12.68-92.122.amzn2023.x86_64-x86_64-with-glibc2.39,sdpa+flash_attention_2 (flash_attn-2.8.3.post1),https://wandb.ai/rmukund16-indian-institute-of-technology-hyderabad/distillspec-pipeline/runs/lf50nis4
2026-06-25T02:35:27,checkpoints/jsd_dw_lin_naive_mathhard_s123_K1/ckpt_best,math_eval,naive,4,8,100,0,2330,5.606867,7.0727,792.752,141.389,19.6391,13064,1847.11,902.208,896.071,2.094,36.070,0.058,9.9,1.3,19632,10678,63875,,,37.5,16794.7,18000.0,cuda:0,123,bf16,24,NVIDIA H100 80GB HBM3,4,79.2,580.126.09,192,96,2000.0,Linux-6.12.68-92.122.amzn2023.x86_64-x86_64-with-glibc2.39,sdpa+flash_attention_2 (flash_attn-2.8.3.post1),https://wandb.ai/rmukund16-indian-institute-of-technology-hyderabad/distillspec-pipeline/runs/mt422vm6
2026-06-25T02:42:25,checkpoints/jsd_dw_lin_naive_mathhard_s123_K3/ckpt_best,math_eval,khisti,1,8,100,0,2239,5.853059,12.2502,477.793,81.631,9.0000,13105,1069.78,902.609,119.885,1.849,34.855,0.056,16.7,2.2,19030,18061,103124,,,37.4,16794.7,17792.0,cuda:1,123,bf16,24,NVIDIA H100 80GB HBM3,4,79.2,580.126.09,192,96,2000.0,Linux-6.12.68-92.122.amzn2023.x86_64-x86_64-with-glibc2.39,sdpa+flash_attention_2 (flash_attn-2.8.3.post1),https://wandb.ai/rmukund16-indian-institute-of-technology-hyderabad/distillspec-pipeline/runs/lf50nis4
2026-06-25T02:53:56,checkpoints/jsd_dw_lin_naive_mathhard_s123_K3/ckpt_best,math_eval,spectr,2,8,100,0,2319,5.657611,10.7590,525.851,92.946,13.1289,13120,1219.45,884.498,277.245,10.831,36.410,0.059,15.1,2.0,19290,15459,91487,,,37.6,16794.7,17808.0,cuda:3,123,bf16,24,NVIDIA H100 80GB HBM3,4,79.2,580.126.09,192,96,2000.0,Linux-6.12.68-92.122.amzn2023.x86_64-x86_64-with-glibc2.39,sdpa+flash_attention_2 (flash_attn-2.8.3.post1),https://wandb.ai/rmukund16-indian-institute-of-technology-hyderabad/distillspec-pipeline/runs/lf50nis4
2026-06-25T03:00:36,checkpoints/jsd_dw_lin_naive_mathhard_s123_K3/ckpt_best,math_eval,gbv,1,8,100,0,2173,6.034514,12.4621,484.229,80.243,9.0000,13113,1052.23,880.637,116.803,10.565,33.736,0.053,16.7,2.1,19066,17599,103654,,,38.0,16797.1,17828.0,cuda:1,123,bf16,24,NVIDIA H100 80GB HBM3,4,79.2,580.126.09,192,96,2000.0,Linux-6.12.68-92.122.amzn2023.x86_64-x86_64-with-glibc2.39,sdpa+flash_attention_2 (flash_attn-2.8.3.post1),https://wandb.ai/rmukund16-indian-institute-of-technology-hyderabad/distillspec-pipeline/runs/lf50nis4
2026-06-25T03:10:47,checkpoints/jsd_dw_lin_naive_mathhard_s123_K1/ckpt_best,math_eval,specinfer,4,8,100,0,2893,4.515382,6.4447,700.630,155.165,21.0124,13063,2026.92,1121.522,846.064,3.447,45.077,0.055,11.4,1.5,19730,11767,74931,,,37.8,16794.7,18000.0,cuda:0,123,bf16,24,NVIDIA H100 80GB HBM3,4,79.2,580.126.09,192,96,2000.0,Linux-6.12.68-92.122.amzn2023.x86_64-x86_64-with-glibc2.39,sdpa+flash_attention_2 (flash_attn-2.8.3.post1),https://wandb.ai/rmukund16-indian-institute-of-technology-hyderabad/distillspec-pipeline/runs/mt422vm6
2026-06-25T03:17:02,checkpoints/jsd_dw_lin_naive_mathhard_s123_K3/ckpt_best,math_eval,khisti,2,8,100,0,2550,5.139216,9.7660,526.236,102.396,13.2439,13105,1341.90,972.240,290.092,28.788,40.100,0.059,15.2,2.1,19310,15550,92624,,,37.9,16794.7,17808.0,cuda:3,123,bf16,24,NVIDIA H100 80GB HBM3,4,79.2,580.126.09,192,96,2000.0,Linux-6.12.68-92.122.amzn2023.x86_64-x86_64-with-glibc2.39,sdpa+flash_attention_2 (flash_attn-2.8.3.post1),https://wandb.ai/rmukund16-indian-institute-of-technology-hyderabad/distillspec-pipeline/runs/lf50nis4
2026-06-25T03:24:05,checkpoints/jsd_dw_lin_naive_mathhard_s123_K3/ckpt_best,math_eval,nss,1,8,100,0,2821,4.636654,9.5992,483.026,104.176,9.0000,13080,1362.62,1136.781,168.613,2.892,43.632,0.054,16.5,2.1,19070,17612,101666,,,37.6,16794.7,17828.0,cuda:1,123,bf16,24,NVIDIA H100 80GB HBM3,4,79.2,580.126.09,192,96,2000.0,Linux-6.12.68-92.122.amzn2023.x86_64-x86_64-with-glibc2.39,sdpa+flash_attention_2 (flash_attn-2.8.3.post1),https://wandb.ai/rmukund16-indian-institute-of-technology-hyderabad/distillspec-pipeline/runs/lf50nis4
2026-06-25T03:28:17,checkpoints/jsd_dw_lin_naive_mathhard_s123_K3/ckpt_best,math_eval,traversal,3,8,100,0,2225,5.903371,5.4537,1082.461,183.363,16.3744,13135,2408.48,864.759,1456.952,5.803,34.738,0.059,7.2,0.9,19244,7776,44275,,,37.6,16794.7,17870.0,cuda:2,123,bf16,24,NVIDIA H100 80GB HBM3,4,79.2,580.126.09,192,96,2000.0,Linux-6.12.68-92.122.amzn2023.x86_64-x86_64-with-glibc2.39,sdpa+flash_attention_2 (flash_attn-2.8.3.post1),https://wandb.ai/rmukund16-indian-institute-of-technology-hyderabad/distillspec-pipeline/runs/lf50nis4
2026-06-25T03:36:43,checkpoints/jsd_dw_lin_naive_mathhard_s123_K3/ckpt_best,math_eval,gbv,2,8,100,0,2331,5.622480,11.4680,490.277,87.199,12.9803,13106,1142.84,862.760,215.741,19.120,35.090,0.051,16.2,2.0,19402,17073,99651,,,32.7,16829.7,17886.0,cuda:3,123,bf16,24,NVIDIA H100 80GB HBM3,4,79.2,580.126.09,192,96,2000.0,Linux-6.12.68-92.122.amzn2023.x86_64-x86_64-with-glibc2.39,sdpa+flash_attention_2 (flash_attn-2.8.3.post1),https://wandb.ai/rmukund16-indian-institute-of-technology-hyderabad/distillspec-pipeline/runs/lf50nis4
2026-06-25T03:38:03,checkpoints/jsd_dw_lin_naive_mathhard_s123_K1/ckpt_best,math_eval,spectr,4,8,100,0,2497,5.243492,8.2537,635.289,121.158,20.3036,13093,1586.32,947.786,577.428,12.661,37.929,0.052,12.7,1.6,19794,14248,80745,,,33.5,16794.7,18000.0,cuda:0,123,bf16,24,NVIDIA H100 80GB HBM3,4,79.2,580.126.09,192,96,2000.0,Linux-6.12.68-92.122.amzn2023.x86_64-x86_64-with-glibc2.39,sdpa+flash_attention_2 (flash_attn-2.8.3.post1),https://wandb.ai/rmukund16-indian-institute-of-technology-hyderabad/distillspec-pipeline/runs/mt422vm6
2026-06-25T03:41:36,checkpoints/jsd_dw_lin_naive_mathhard_s123_K3/ckpt_best,math_eval,max,1,8,100,0,2239,5.853059,12.8638,455.002,77.737,9.0000,13105,1018.75,859.680,114.428,1.664,32.929,0.048,17.7,2.4,19070,20823,107365,,,28.2,16794.7,17828.0,cuda:1,123,bf16,24,NVIDIA H100 80GB HBM3,4,79.2,580.126.09,192,96,2000.0,Linux-6.12.68-92.122.amzn2023.x86_64-x86_64-with-glibc2.39,sdpa+flash_attention_2 (flash_attn-2.8.3.post1),https://wandb.ai/rmukund16-indian-institute-of-technology-hyderabad/distillspec-pipeline/runs/lf50nis4
2026-06-25T03:56:46,checkpoints/jsd_dw_lin_naive_mathhard_s123_K3/ckpt_best,math_eval,bv,3,8,100,0,2150,6.129302,8.0409,762.267,124.364,15.7386,13178,1638.87,785.594,807.370,4.221,31.670,0.050,10.3,1.3,19354,11315,62475,,,24.6,16794.7,17872.0,cuda:2,123,bf16,24,NVIDIA H100 80GB HBM3,4,79.2,580.126.09,192,96,2000.0,Linux-6.12.68-92.122.amzn2023.x86_64-x86_64-with-glibc2.39,sdpa+flash_attention_2 (flash_attn-2.8.3.post1),https://wandb.ai/rmukund16-indian-institute-of-technology-hyderabad/distillspec-pipeline/runs/lf50nis4
2026-06-25T04:02:16,checkpoints/jsd_dw_lin_naive_mathhard_s123_K3/ckpt_best,math_eval,nss,2,8,100,0,3184,4.095791,8.7583,467.649,114.178,13.4852,13041,1489.00,1148.178,280.876,2.757,47.090,0.051,16.7,2.1,19420,18403,103337,,,25.7,16811.0,17886.0,cuda:3,123,bf16,24,NVIDIA H100 80GB HBM3,4,79.2,580.126.09,192,96,2000.0,Linux-6.12.68-92.122.amzn2023.x86_64-x86_64-with-glibc2.39,sdpa+flash_attention_2 (flash_attn-2.8.3.post1),https://wandb.ai/rmukund16-indian-institute-of-technology-hyderabad/distillspec-pipeline/runs/lf50nis4
2026-06-25T04:08:36,checkpoints/jsd_dw_lin_naive_mathhard_s123_K1/ckpt_best,math_eval,khisti,4,8,100,0,2923,4.473144,7.3675,607.144,135.731,21.6274,13075,1774.68,1086.279,566.305,68.375,43.445,0.046,13.4,1.7,19854,15205,82231,,,28.4,16794.7,18000.0,cuda:0,123,bf16,24,NVIDIA H100 80GB HBM3,4,79.2,580.126.09,192,96,2000.0,Linux-6.12.68-92.122.amzn2023.x86_64-x86_64-with-glibc2.39,sdpa+flash_attention_2 (flash_attn-2.8.3.post1),https://wandb.ai/rmukund16-indian-institute-of-technology-hyderabad/distillspec-pipeline/runs/mt422vm6
2026-06-25T04:24:11,checkpoints/jsd_dw_lin_naive_mathhard_s123_K3/ckpt_best,math_eval,max,2,8,100,0,2515,5.230219,10.3072,507.434,97.020,13.3292,13154,1276.20,954.508,213.276,58.659,39.280,0.055,16.2,2.1,19430,16520,103324,,,38.8,16811.0,17886.0,cuda:3,123,bf16,24,NVIDIA H100 80GB HBM3,4,79.2,580.126.09,192,96,2000.0,Linux-6.12.68-92.122.amzn2023.x86_64-x86_64-with-glibc2.39,sdpa+flash_attention_2 (flash_attn-2.8.3.post1),https://wandb.ai/rmukund16-indian-institute-of-technology-hyderabad/distillspec-pipeline/runs/lf50nis4
2026-06-25T04:24:17,checkpoints/jsd_dw_lin_naive_mathhard_s123_K3/ckpt_best,math_eval,naive,3,8,100,0,2323,5.644425,8.1575,691.930,122.586,16.5450,13112,1607.35,894.485,664.033,2.017,36.224,0.052,11.3,1.5,19426,12226,68894,,,37.7,16794.7,17872.0,cuda:2,123,bf16,24,NVIDIA H100 80GB HBM3,4,79.2,580.126.09,192,96,2000.0,Linux-6.12.68-92.122.amzn2023.x86_64-x86_64-with-glibc2.39,sdpa+flash_attention_2 (flash_attn-2.8.3.post1),https://wandb.ai/rmukund16-indian-institute-of-technology-hyderabad/distillspec-pipeline/runs/lf50nis4
2026-06-25T04:36:23,checkpoints/jsd_dw_lin_naive_mathhard_s123_K1/ckpt_best,math_eval,gbv,4,8,100,0,2754,4.765432,8.1766,582.812,122.300,20.8319,13124,1605.07,1065.333,458.425,27.685,42.917,0.053,14.2,1.9,20004,14810,86240,,,38.9,16855.3,18102.0,cuda:0,123,bf16,24,NVIDIA H100 80GB HBM3,4,79.2,580.126.09,192,96,2000.0,Linux-6.12.68-92.122.amzn2023.x86_64-x86_64-with-glibc2.39,sdpa+flash_attention_2 (flash_attn-2.8.3.post1),https://wandb.ai/rmukund16-indian-institute-of-technology-hyderabad/distillspec-pipeline/runs/mt422vm6
2026-06-25T04:39:13,checkpoints/jsd_dw_lin_naive_mathhard_s123_K3/ckpt_best,math_eval,traversal,4,8,100,0,2201,5.983189,5.3053,1127.784,188.492,18.8433,13169,2482.25,841.938,1552.781,6.274,33.566,0.055,6.9,0.9,19400,7903,43649,,,38.0,16794.7,18010.0,cuda:1,123,bf16,24,NVIDIA H100 80GB HBM3,4,79.2,580.126.09,192,96,2000.0,Linux-6.12.68-92.122.amzn2023.x86_64-x86_64-with-glibc2.39,sdpa+flash_attention_2 (flash_attn-2.8.3.post1),https://wandb.ai/rmukund16-indian-institute-of-technology-hyderabad/distillspec-pipeline/runs/lf50nis4
2026-06-25T04:52:01,checkpoints/jsd_dw_lin_naive_mathhard_s123_K3/ckpt_best,math_eval,specinfer,3,8,100,0,2642,4.933762,8.0587,612.227,124.089,16.9678,13035,1617.50,1017.985,544.892,2.878,41.033,0.056,12.8,1.6,19482,14365,77805,,,38.7,16794.7,17872.0,cuda:2,123,bf16,24,NVIDIA H100 80GB HBM3,4,79.2,580.126.09,192,96,2000.0,Linux-6.12.68-92.122.amzn2023.x86_64-x86_64-with-glibc2.39,sdpa+flash_attention_2 (flash_attn-2.8.3.post1),https://wandb.ai/rmukund16-indian-institute-of-technology-hyderabad/distillspec-pipeline/runs/lf50nis4
2026-06-25T05:09:38,checkpoints/jsd_dw_lin_naive_mathhard_s123_K1/ckpt_best,math_eval,nss,4,8,100,0,3379,3.870080,6.7453,573.741,148.250,21.4359,13077,1938.67,1309.240,562.538,3.167,52.635,0.054,13.9,1.8,20058,14160,84885,,,38.9,16843.6,18104.0,cuda:0,123,bf16,24,NVIDIA H100 80GB HBM3,4,79.2,580.126.09,192,96,2000.0,Linux-6.12.68-92.122.amzn2023.x86_64-x86_64-with-glibc2.39,sdpa+flash_attention_2 (flash_attn-2.8.3.post1),https://wandb.ai/rmukund16-indian-institute-of-technology-hyderabad/distillspec-pipeline/runs/mt422vm6
2026-06-25T05:12:43,checkpoints/jsd_dw_lin_naive_mathhard_s123_K3/ckpt_best,math_eval,bv,4,8,100,0,2162,6.075856,6.7774,896.490,147.550,18.6855,13136,1938.21,830.031,1060.280,4.504,32.921,0.055,8.9,1.1,19532,9438,55797,,,38.9,16794.7,18010.0,cuda:1,123,bf16,24,NVIDIA H100 80GB HBM3,4,79.2,580.126.09,192,96,2000.0,Linux-6.12.68-92.122.amzn2023.x86_64-x86_64-with-glibc2.39,sdpa+flash_attention_2 (flash_attn-2.8.3.post1),https://wandb.ai/rmukund16-indian-institute-of-technology-hyderabad/distillspec-pipeline/runs/lf50nis4
2026-06-25T05:16:36,checkpoints/jsd_dw_lin_naive_mathhard_s123_K3/ckpt_best,math_eval,spectr,3,8,100,0,2434,5.391537,9.1281,590.653,109.552,16.7510,13123,1437.65,936.639,440.007,12.236,38.122,0.055,13.3,1.7,19526,13904,80232,,,39.0,16794.7,17874.0,cuda:2,123,bf16,24,NVIDIA H100 80GB HBM3,4,79.2,580.126.09,192,96,2000.0,Linux-6.12.68-92.122.amzn2023.x86_64-x86_64-with-glibc2.39,sdpa+flash_attention_2 (flash_attn-2.8.3.post1),https://wandb.ai/rmukund16-indian-institute-of-technology-hyderabad/distillspec-pipeline/runs/lf50nis4
2026-06-25T05:37:43,checkpoints/jsd_dw_lin_naive_mathhard_s123_K1/ckpt_best,math_eval,max,4,8,100,0,2724,4.794787,8.0088,598.693,124.863,21.2819,13061,1630.84,1055.476,404.858,117.247,42.426,0.051,14.3,1.7,20092,15040,95436,,,38.4,16843.6,18104.0,cuda:0,123,bf16,24,NVIDIA H100 80GB HBM3,4,79.2,580.126.09,192,96,2000.0,Linux-6.12.68-92.122.amzn2023.x86_64-x86_64-with-glibc2.39,sdpa+flash_attention_2 (flash_attn-2.8.3.post1),https://wandb.ai/rmukund16-indian-institute-of-technology-hyderabad/distillspec-pipeline/runs/mt422vm6
2026-06-25T05:44:20,checkpoints/jsd_dw_lin_naive_mathhard_s123_K3/ckpt_best,math_eval,naive,4,8,100,0,2313,5.656723,7.1524,790.883,139.813,19.6840,13084,1829.31,890.213,891.267,2.052,35.184,0.055,9.9,1.3,19640,10645,63688,,,38.4,16794.7,18010.0,cuda:1,123,bf16,24,NVIDIA H100 80GB HBM3,4,79.2,580.126.09,192,96,2000.0,Linux-6.12.68-92.122.amzn2023.x86_64-x86_64-with-glibc2.39,sdpa+flash_attention_2 (flash_attn-2.8.3.post1),https://wandb.ai/rmukund16-indian-institute-of-technology-hyderabad/distillspec-pipeline/runs/lf50nis4
2026-06-25T05:45:01,checkpoints/jsd_dw_lin_naive_mathhard_s123_K3/ckpt_best,math_eval,khisti,3,8,100,0,2774,4.711608,7.9328,593.940,126.059,17.3165,13070,1647.59,1072.118,469.315,51.782,43.523,0.056,13.3,1.6,19572,13852,80230,,,38.5,16794.7,17874.0,cuda:2,123,bf16,24,NVIDIA H100 80GB HBM3,4,79.2,580.126.09,192,96,2000.0,Linux-6.12.68-92.122.amzn2023.x86_64-x86_64-with-glibc2.39,sdpa+flash_attention_2 (flash_attn-2.8.3.post1),https://wandb.ai/rmukund16-indian-institute-of-technology-hyderabad/distillspec-pipeline/runs/lf50nis4
2026-06-25T06:09:36,checkpoints/jsd_dw_lin_naive_mathhard_s123_K3/ckpt_best,math_eval,gbv,3,8,100,0,2601,5.044598,9.2162,547.360,108.504,17.0681,13121,1423.68,996.588,352.421,24.094,40.003,0.056,14.5,1.8,19666,15085,96872,,,37.5,16841.3,17936.0,cuda:2,123,bf16,24,NVIDIA H100 80GB HBM3,4,79.2,580.126.09,192,96,2000.0,Linux-6.12.68-92.122.amzn2023.x86_64-x86_64-with-glibc2.39,sdpa+flash_attention_2 (flash_attn-2.8.3.post1),https://wandb.ai/rmukund16-indian-institute-of-technology-hyderabad/distillspec-pipeline/runs/lf50nis4
2026-06-25T06:20:30,checkpoints/jsd_dw_lin_naive_mathhard_s123_K3/ckpt_best,math_eval,specinfer,4,8,100,0,2925,4.450598,6.2118,716.477,160.985,21.1672,13018,2095.70,1127.944,908.643,3.512,44.761,0.057,10.9,1.4,19746,11332,68241,,,37.3,16794.7,18010.0,cuda:1,123,bf16,24,NVIDIA H100 80GB HBM3,4,79.2,580.126.09,192,96,2000.0,Linux-6.12.68-92.122.amzn2023.x86_64-x86_64-with-glibc2.39,sdpa+flash_attention_2 (flash_attn-2.8.3.post1),https://wandb.ai/rmukund16-indian-institute-of-technology-hyderabad/distillspec-pipeline/runs/lf50nis4
2026-06-25T06:39:55,checkpoints/jsd_dw_lin_naive_mathhard_s123_K3/ckpt_best,math_eval,nss,3,8,100,0,3313,3.929067,7.3616,533.724,135.840,17.6695,13017,1768.23,1286.422,415.532,3.230,51.894,0.063,14.8,2.0,19702,16442,88929,,,37.0,16825.0,17938.0,cuda:2,123,bf16,24,NVIDIA H100 80GB HBM3,4,79.2,580.126.09,192,96,2000.0,Linux-6.12.68-92.122.amzn2023.x86_64-x86_64-with-glibc2.39,sdpa+flash_attention_2 (flash_attn-2.8.3.post1),https://wandb.ai/rmukund16-indian-institute-of-technology-hyderabad/distillspec-pipeline/runs/lf50nis4
2026-06-25T06:49:43,checkpoints/jsd_dw_lin_naive_mathhard_s123_K3/ckpt_best,math_eval,spectr,4,8,100,0,2646,4.959940,7.6840,645.489,130.140,21.1122,13124,1707.96,1015.685,628.227,12.688,40.711,0.055,12.4,1.6,19814,14072,74653,,,37.0,16794.7,18010.0,cuda:1,123,bf16,24,NVIDIA H100 80GB HBM3,4,79.2,580.126.09,192,96,2000.0,Linux-6.12.68-92.122.amzn2023.x86_64-x86_64-with-glibc2.39,sdpa+flash_attention_2 (flash_attn-2.8.3.post1),https://wandb.ai/rmukund16-indian-institute-of-technology-hyderabad/distillspec-pipeline/runs/lf50nis4
2026-06-25T07:05:24,checkpoints/jsd_dw_lin_naive_mathhard_s123_K3/ckpt_best,math_eval,max,3,8,100,0,2621,4.988172,8.8535,563.413,112.950,17.2427,13074,1476.71,1021.534,311.877,91.077,41.183,0.059,14.7,1.8,19722,15523,87887,,,36.9,16825.0,17938.0,cuda:2,123,bf16,24,NVIDIA H100 80GB HBM3,4,79.2,580.126.09,192,96,2000.0,Linux-6.12.68-92.122.amzn2023.x86_64-x86_64-with-glibc2.39,sdpa+flash_attention_2 (flash_attn-2.8.3.post1),https://wandb.ai/rmukund16-indian-institute-of-technology-hyderabad/distillspec-pipeline/runs/lf50nis4
2026-06-25T07:22:43,checkpoints/jsd_dw_lin_naive_mathhard_s123_K3/ckpt_best,math_eval,khisti,4,8,100,0,3034,4.306196,6.8021,633.070,147.014,21.6711,13065,1920.74,1173.842,617.479,71.993,46.501,0.056,12.8,1.6,19878,14034,75987,,,36.6,16794.7,18010.0,cuda:1,123,bf16,24,NVIDIA H100 80GB HBM3,4,79.2,580.126.09,192,96,2000.0,Linux-6.12.68-92.122.amzn2023.x86_64-x86_64-with-glibc2.39,sdpa+flash_attention_2 (flash_attn-2.8.3.post1),https://wandb.ai/rmukund16-indian-institute-of-technology-hyderabad/distillspec-pipeline/runs/lf50nis4
2026-06-25T07:50:46,checkpoints/jsd_dw_lin_naive_mathhard_s123_K3/ckpt_best,math_eval,gbv,4,8,100,0,2815,4.640497,8.0557,576.052,124.136,21.2828,13063,1621.59,1079.119,461.042,28.128,42.706,0.055,14.1,1.8,20026,14885,89148,,,33.8,16869.2,18110.0,cuda:1,123,bf16,24,NVIDIA H100 80GB HBM3,4,79.2,580.126.09,192,96,2000.0,Linux-6.12.68-92.122.amzn2023.x86_64-x86_64-with-glibc2.39,sdpa+flash_attention_2 (flash_attn-2.8.3.post1),https://wandb.ai/rmukund16-indian-institute-of-technology-hyderabad/distillspec-pipeline/runs/lf50nis4
2026-06-25T08:21:12,checkpoints/jsd_dw_lin_naive_mathhard_s123_K3/ckpt_best,math_eval,nss,4,8,100,0,3193,4.077983,7.3895,551.863,135.327,20.7999,13021,1762.10,1224.400,474.785,3.114,48.967,0.054,14.4,1.9,20076,14736,85426,,,35.1,16857.6,18118.0,cuda:1,123,bf16,24,NVIDIA H100 80GB HBM3,4,79.2,580.126.09,192,96,2000.0,Linux-6.12.68-92.122.amzn2023.x86_64-x86_64-with-glibc2.39,sdpa+flash_attention_2 (flash_attn-2.8.3.post1),https://wandb.ai/rmukund16-indian-institute-of-technology-hyderabad/distillspec-pipeline/runs/lf50nis4
2026-06-25T08:48:28,checkpoints/jsd_dw_lin_naive_mathhard_s123_K3/ckpt_best,math_eval,max,4,8,100,0,2718,4.820456,8.2647,583.257,120.996,20.6214,13102,1585.29,1040.170,373.096,119.574,41.776,0.052,14.7,1.8,20106,14910,85609,,,36.0,16857.6,18118.0,cuda:1,123,bf16,24,NVIDIA H100 80GB HBM3,4,79.2,580.126.09,192,96,2000.0,Linux-6.12.68-92.122.amzn2023.x86_64-x86_64-with-glibc2.39,sdpa+flash_attention_2 (flash_attn-2.8.3.post1),https://wandb.ai/rmukund16-indian-institute-of-technology-hyderabad/distillspec-pipeline/runs/lf50nis4
